nta,boro_name,name,shape_area,population,population_density,engine_incident_average_duration_first_shift,engine_incident_average_duration_second_shift,ladder_incident_average_duration_first_shift,ladder_incident_average_duration_second_shift,rescue_incident_average_duration_first_shift,rescue_incident_average_duration_second_shift,squad_incident_average_duration_first_shift,squad_incident_average_duration_second_shift,hazardous_incident_average_duration_first_shift,hazardous_incident_average_duration_second_shift,engine_needed_per_density_first_shift,engine_needed_per_density_second_shift,ladder_needed_per_density_first_shift,ladder_needed_per_density_second_shift,rescue_needed_per_density_first_shift,rescue_needed_per_density_second_shift,squad_needed_per_density_first_shift,squad_needed_per_density_second_shift,hazardous_needed_per_density_first_shift,hazardous_needed_per_density_second_shift
QN08,Queens,St. Albans,0.22336119035706842,0.36707761108341264,0.10991775628302636,1536.2742914979758,1774.6601941747572,1483.6205083260297,1757.1985815602836,1721.5955056179776,2102.3,1512.1,2308.923076923077,1561.0,2362.3207547169814,0.10811863039323386,0.08812754640350322,0.1060582187440717,0.09071857282209879,0.10014271848581395,0.08278194730036836,0.09079310349072658,0.08828797276224744,0.09779494452263857,0.10534925080073054
BX28,Bronx,Van Cortlandt Village,0.062466976234585574,0.3784616779223134,0.34180944078719844,0.0,0.0,0.0,0.0,0.0,0.0,0.0,0.0,0.0,0.0,0.0,0.0,0.0,0.0,0.0,0.0,0.0,0.0,0.0,0.0
QN55,Queens,South Ozone Park,0.2390587926694577,0.5731919201075707,0.16112830200480266,2063.5206561360874,2088.8034334763947,2061.7699579831933,2132.0707506471094,1695.0243902439024,1654.8148148148148,2335.164835164835,1211.5,2101.6585365853657,2124.2241379310344,0.16909673982280604,0.11696938465648608,0.16614506313399477,0.11667319608589667,0.17323475678380576,0.20982692445598852,0.19390815539630482,0.07650701382681749,0.183615023660796,0.1082294341940345
BK50,Brooklyn,Canarsie,0.2379030301327875,0.6322274093882669,0.1785283561613175,0.0,0.0,0.0,0.0,0.0,0.0,0.0,0.0,0.0,0.0,0.0,0.0,0.0,0.0,0.0,0.0,0.0,0.0,0.0,0.0
BX41,Bronx,Mount Hope,0.028422294156459943,0.3913565698227802,0.6164307806564818,0.0,0.0,0.0,0.0,0.0,0.0,0.0,0.0,0.0,0.0,0.0,0.0,0.0,0.0,0.0,0.0,0.0,0.0,0.0,0.0
QN26,Queens,North Corona,0.03864301623008317,0.39309401864358123,0.5061189129800453,8328.516415261756,2131.365535248042,7903.5664,1760.5049504950496,7704.224,1391.357142857143,6379.075471698113,1193.2,1347.4651162790697,1342.8363636363636,0.5302902962208377,0.3522568197287146,0.499591304098744,0.3725489811730291,0.6047634779904371,0.24916087721592883,0.5172671667547278,0.29201446544090565,0.4410087197211719,0.47007206631950677
BK68,Brooklyn,Fort Greene,0.03391360950840749,0.19700403390291438,0.27705500560758467,0.0,0.0,0.0,0.0,0.0,0.0,0.0,0.0,0.0,0.0,0.0,0.0,0.0,0.0,0.0,0.0,0.0,0.0,0.0,0.0
QN38,Queens,Pomonok-Flushing Heights-Hillcrest,0.10341542426807707,0.25709710072670683,0.1534567586390306,1541.5007496251874,2072.7012987012986,1566.0172626387177,2412.333969465649,1200.0149253731342,2199.9166666666665,1530.1333333333334,784.6666666666666,1341.1923076923076,2179.4893617021276,0.14549508025495295,0.11490848953365121,0.15026520290539888,0.11200464058420204,0.15027372649269877,0.09900697056594206,0.20360304430899373,0.08122473935495568,0.12361887285352088,0.18622257315526428
QN52,Queens,East Flushing,0.07424351975938126,0.20382540905588542,0.1604135847176053,2194.8934280639432,1567.4756380510441,2095.340874811463,1859.7348837209302,2534.596153846154,1608.6,2236.5,1794.7142857142858,1927.1142857142856,1083.9545454545455,0.16192908029940012,0.12115311943529719,0.1619739137930106,0.12119010597804823,0.153782025577566,0.05439368855527859,0.16704126291814583,0.12494793872155359,0.21941860807044583,0.11493468927696918
BK44,Brooklyn,Madison,0.06779327165974708,0.2939838946048437,0.2489005346245212,0.0,0.0,0.0,0.0,0.0,0.0,0.0,0.0,0.0,0.0,0.0,0.0,0.0,0.0,0.0,0.0,0.0,0.0,0.0,0.0
QN01,Queens,South Jamaica,0.1069475812578235,0.2938101497227636,0.17038608800819274,1775.4871508379888,1577.0855784469097,1664.2538314176245,1558.083081570997,1871.6770833333333,1743.8235294117646,1795.0277777777778,2240.222222222222,1717.2083333333333,1740.3947368421052,0.18968107645248217,0.1306986813126733,0.18793884884310996,0.13748053548271366,0.2091982187498018,0.13627366721669945,0.1582532909613284,0.11837447919206463,0.22173342462378218,0.14628390924547824
BX98,Bronx,Rikers Island,0.03914002217424769,0.08378280378914925,0.10692325667486403,0.0,0.0,0.0,0.0,0.0,0.0,0.0,0.0,0.0,0.0,0.0,0.0,0.0,0.0,0.0,0.0,0.0,0.0,0.0,0.0
QN07,Queens,Hollis,0.05382833270149045,0.15311456586441854,0.1550727197069222,1800.2522123893805,1749.4,1644.124060150376,1810.8552631578948,1871.142857142857,1311.6,1310.0,1226.3333333333333,2037.4615384615386,1759.12,0.1672980828550387,0.10852121821865596,0.16725505602787033,0.11025755771015446,0.15984078316939654,0.06999783138716155,0.1765751746605172,0.06891097356884653,0.20975621337712141,0.1680755452898696
QN48,Queens,Auburndale,0.08889867702771004,0.1510522896553808,0.10248071539915546,1437.2082191780821,1476.1307189542483,1449.577922077922,1570.1603773584907,1349.219512195122,1749.888888888889,1598.0434782608695,1429.0,1044.8666666666666,1664.764705882353,0.09049849006389582,0.07414993445359565,0.09729836394318336,0.07726055863887807,0.10452450137636224,0.08440205672840695,0.11828388595271366,0.06154929199742907,0.08106412228152078,0.0765613144358264
BK77,Brooklyn,Bushwick North,0.06017172177279043,0.4316276118388252,0.4013705381811244,0.0,0.0,0.0,0.0,0.0,0.0,0.0,0.0,0.0,0.0,0.0,0.0,0.0,0.0,0.0,0.0,0.0,0.0,0.0,0.0
BK41,Brooklyn,Kensington-Ocean Parkway,0.03208073279593193,0.2786792367311789,0.40645460516558113,0.0,0.0,0.0,0.0,0.0,0.0,0.0,0.0,0.0,0.0,0.0,0.0,0.0,0.0,0.0,0.0,0.0,0.0,0.0,0.0
BK75,Brooklyn,Bedford,0.08411888703181614,0.5341748628926256,0.379482389588324,0.0,0.0,0.0,0.0,0.0,0.0,0.0,0.0,0.0,0.0,0.0,0.0,0.0,0.0,0.0,0.0,0.0,0.0,0.0,0.0
QN33,Queens,Cambria Heights,0.08550853826597424,0.14108839837435222,0.09887607488496465,1812.1029082774048,1480.2196078431373,1771.617810760668,1301.5625,1694.5531914893618,1697.2,1281.125,778.0,1112.4,1486.9444444444443,0.11448301818377546,0.06382849493951799,0.11725662938030539,0.06826289564057923,0.12377051108163509,0.09687140504298936,0.08499684571513905,0.01589454677905644,0.055824199516298946,0.08373712449454125
QN44,Queens,Glen Oaks-Floral Park-New Hyde Park,0.12462950193270259,0.1705041623230446,0.08656318535256488,1424.5311111111112,1318.1707317073171,1504.4163568773233,1456.8868501529053,1724.0851063829787,983.0,1076.85,1326.6,1821.1851851851852,991.0769230769231,0.08349190890528907,0.059476663378908445,0.0847869954946199,0.059451372435719387,0.0896634641334759,0.04912380156636681,0.07696816835283278,0.05757268482562021,0.10919043544291702,0.04381140894047197
MN06,Manhattan,Manhattanville,0.016041474140153153,0.17336717581471242,0.3743649359660925,0.0,0.0,0.0,0.0,0.0,0.0,0.0,0.0,0.0,0.0,0.0,0.0,0.0,0.0,0.0,0.0,0.0,0.0,0.0,0.0
BX07,Bronx,Bronxdale,0.029890640314295613,0.26845850518968406,0.40970532585887,0.0,0.0,0.0,0.0,0.0,0.0,0.0,0.0,0.0,0.0,0.0,0.0,0.0,0.0,0.0,0.0,0.0,0.0,0.0,0.0
QN62,Queens,Queensboro Hill,0.06519009501555917,0.1571258064028766,0.1372263283307106,1573.5012224938876,1398.2140468227424,1559.7056530214425,1342.7349397590363,1474.860465116279,1004.5454545454545,2283.3846153846152,1524.5,1362.3157894736842,1495.3478260869565,0.1305409788177757,0.09326863510264011,0.13907722457342775,0.10383503072877266,0.14111649833904602,0.13279395126968613,0.1721258840504436,0.07923154955207552,0.13218011174147495,0.13334090046568808
SI11,Staten Island,Charleston-Richmond Valley-Tottenville,0.43516917234912544,0.17610932330145493,0.02805044275262081,0.0,0.0,0.0,0.0,0.0,0.0,0.0,0.0,0.0,0.0,0.0,0.0,0.0,0.0,0.0,0.0,0.0,0.0,0.0,0.0
QN15,Queens,Far Rockaway-Bayswater,0.15120744822132356,0.3781444046593845,0.16170626132036997,1461.6317792578498,1505.5333333333333,1428.5610932475884,1497.015625,1612.4583333333333,1809.3,1554.6,1442.4,1526.2391304347825,1378.8863636363637,0.16425004857841705,0.1282989059284575,0.1651346705816907,0.11761054594584613,0.1542623001496704,0.1773315854411857,0.19449270661291335,0.14548179511530446,0.15669299414125112,0.12490144361118821
SI08,Staten Island,Grymes Hill-Clifton-Fox Hills,0.1000461229645872,0.1696656544138754,0.10417729757097068,0.0,0.0,0.0,0.0,0.0,0.0,0.0,0.0,0.0,0.0,0.0,0.0,0.0,0.0,0.0,0.0,0.0,0.0,0.0,0.0
BX10,Bronx,Pelham Bay-Country Club-City Island,0.10770307141711388,0.20081131305806102,0.11575067465943353,0.0,0.0,0.0,0.0,0.0,0.0,0.0,0.0,0.0,0.0,0.0,0.0,0.0,0.0,0.0,0.0,0.0,0.0,0.0,0.0
BX33,Bronx,Longwood,0.016034158766711118,0.19788786656393056,0.4274080051466903,0.0,0.0,0.0,0.0,0.0,0.0,0.0,0.0,0.0,0.0,0.0,0.0,0.0,0.0,0.0,0.0,0.0,0.0,0.0,0.0
QN37,Queens,Kew Gardens Hills,0.10044225566634318,0.28312106241218327,0.17325595516257655,1360.7821428571428,1663.1140939597315,1383.0379487179487,1448.6406779661017,5881.135802469136,898.5714285714286,1155.735294117647,4369.142857142857,1338.547619047619,1929.6470588235295,0.18785766108123586,0.06513385231395662,0.18521209060412944,0.06464782171341533,0.18626035341833086,0.05921199807609543,0.15771675063586707,0.09715435353541514,0.2047330102970079,0.0690574498997376
BK81,Brooklyn,Brownsville,0.08439293771956247,0.44040550544652435,0.31202499158450697,0.0,0.0,0.0,0.0,0.0,0.0,0.0,0.0,0.0,0.0,0.0,0.0,0.0,0.0,0.0,0.0,0.0,0.0,0.0,0.0
QN35,Queens,Briarwood-Jamaica Hills,0.0736693980159926,0.29565335629787426,0.23415144668640547,1532.5814249363868,0.0,1490.2298969072165,0.0,1561.542372881356,0.0,1256.9574468085107,0.0,1355.3589743589744,0.0,0.2274941382639105,0.0,0.23847040678280687,0.0,0.1755842090028237,0.0,0.28215958107500777,0.0,0.246037456559455,0.0
SI37,Staten Island,Stapleton-Rosebank,0.127037907932318,0.19982927676804302,0.09975885755660822,0.0,0.0,0.0,0.0,0.0,0.0,0.0,0.0,0.0,0.0,0.0,0.0,0.0,0.0,0.0,0.0,0.0,0.0,0.0,0.0
QN23,Queens,College Point,0.1398500378595699,0.18337639184758797,0.08408344592818598,1563.2762096774193,0.0,1559.9705400981998,0.0,1687.0892857142858,0.0,1528.9411764705883,0.0,1418.0,0.0,0.08311557008273479,0.0,0.08696750587291267,0.0,0.09648826951058431,0.0,0.11817589705702053,0.0,0.10226986903837867,0.0
QN12,Queens,Hammels-Arverne-Edgemere,0.17512760585647716,0.2786339119793319,0.1043437316929524,1343.7521514629948,0.0,1337.7585185185185,0.0,1503.7166666666667,0.0,1040.2272727272727,0.0,1225.0714285714287,0.0,0.07951373562858222,0.0,0.07846661021787561,0.0,0.0844312180103354,0.0,0.06245079696862606,0.0,0.08352433246343209,0.0
QN46,Queens,Bayside-Bayside Hills,0.23372115278263014,0.3309311214854432,0.09500489569870739,0.0,0.0,0.0,0.0,0.0,0.0,0.0,0.0,0.0,0.0,0.0,0.0,0.0,0.0,0.0,0.0,0.0,0.0,0.0,0.0
QN50,Queens,Elmhurst-Maspeth,0.050818340715954015,0.1927888319811449,0.2038776634316831,0.0,0.0,0.0,0.0,0.0,0.0,0.0,0.0,0.0,0.0,0.0,0.0,0.0,0.0,0.0,0.0,0.0,0.0,0.0,0.0
BK91,Brooklyn,East Flatbush-Farragut,0.08949955562085524,0.3803879798758102,0.2566209497792198,0.0,0.0,0.0,0.0,0.0,0.0,0.0,0.0,0.0,0.0,0.0,0.0,0.0,0.0,0.0,0.0,0.0,0.0,0.0,0.0
BK95,Brooklyn,Erasmus,0.02784545222421496,0.22615540346583268,0.3607682457802387,0.0,0.0,0.0,0.0,0.0,0.0,0.0,0.0,0.0,0.0,0.0,0.0,0.0,0.0,0.0,0.0,0.0,0.0,0.0,0.0
QN66,Queens,Laurelton,0.1063776839503087,0.1847210261523818,0.10761670493405498,0.0,0.0,0.0,0.0,0.0,0.0,0.0,0.0,0.0,0.0,0.0,0.0,0.0,0.0,0.0,0.0,0.0,0.0,0.0,0.0
QN41,Queens,Fresh Meadows-Utopia,0.06902358479144877,0.13455407998307875,0.11229683820669174,0.0,0.0,0.0,0.0,0.0,0.0,0.0,0.0,0.0,0.0,0.0,0.0,0.0,0.0,0.0,0.0,0.0,0.0,0.0,0.0
BK09,Brooklyn,Brooklyn Heights-Cobble Hill,0.01371038597759646,0.1728912659203191,0.4013690015587388,0.0,0.0,0.0,0.0,0.0,0.0,0.0,0.0,0.0,0.0,0.0,0.0,0.0,0.0,0.0,0.0,0.0,0.0,0.0,0.0
QN54,Queens,Richmond Hill,0.14116965800054554,0.47577392013778724,0.21634004053953682,0.0,0.0,0.0,0.0,0.0,0.0,0.0,0.0,0.0,0.0,0.0,0.0,0.0,0.0,0.0,0.0,0.0,0.0,0.0,0.0
SI12,Staten Island,Mariner's Harbor-Arlington-Port Ivory-Graniteville,0.260828266877428,0.2377585399386605,0.06160496958240612,0.0,0.0,0.0,0.0,0.0,0.0,0.0,0.0,0.0,0.0,0.0,0.0,0.0,0.0,0.0,0.0,0.0,0.0,0.0,0.0
SI28,Staten Island,Port Richmond,0.0958958635665863,0.15252534409040777,0.09708552390153796,0.0,0.0,0.0,0.0,0.0,0.0,0.0,0.0,0.0,0.0,0.0,0.0,0.0,0.0,0.0,0.0,0.0,0.0,0.0,0.0
BX43,Bronx,Norwood,0.03155711361078896,0.30589675021529256,0.4509294911403926,0.0,0.0,0.0,0.0,0.0,0.0,0.0,0.0,0.0,0.0,0.0,0.0,0.0,0.0,0.0,0.0,0.0,0.0,0.0,0.0
BK64,Brooklyn,Prospect Heights,0.014482728097969924,0.1499418332351297,0.3396423238063991,0.0,0.0,0.0,0.0,0.0,0.0,0.0,0.0,0.0,0.0,0.0,0.0,0.0,0.0,0.0,0.0,0.0,0.0,0.0,0.0
BX55,Bronx,Soundview-Bruckner,0.033205080562211754,0.26918370121923585,0.38387133977324955,0.0,0.0,0.0,0.0,0.0,0.0,0.0,0.0,0.0,0.0,0.0,0.0,0.0,0.0,0.0,0.0,0.0,0.0,0.0,0.0
BK63,Brooklyn,Crown Heights South,0.03234732173047685,0.2996721509616401,0.4347276086518413,0.0,1752.496842105263,0.0,1669.76652892562,0.0,1265.4285714285713,0.0,1115.2727272727273,0.0,2418.2105263157896,0.0,0.24611549441161587,0.0,0.251438679398779,0.0,0.2807337049918515,0.0,0.3619193112558183,0.0,0.36593172047151473
SI14,Staten Island,Grasmere-Arrochar-Ft. Wadsworth,0.109880738069729,0.12146278082460832,0.06881451523906203,0.0,0.0,0.0,0.0,0.0,0.0,0.0,0.0,0.0,0.0,0.0,0.0,0.0,0.0,0.0,0.0,0.0,0.0,0.0,0.0
BX06,Bronx,Belmont,0.024823670121637553,0.20681684267778633,0.35356581625033273,0.0,0.0,0.0,0.0,0.0,0.0,0.0,0.0,0.0,0.0,0.0,0.0,0.0,0.0,0.0,0.0,0.0,0.0,0.0,0.0
BK21,Brooklyn,Seagate-Coney Island,0.10319755399112482,0.24146761546480533,0.14438831066260324,0.0,1936.3367556468172,0.0,1811.287109375,0.0,1309.6666666666667,0.0,955.875,0.0,1799.655172413793,0.0,0.10401036303430622,0.0,0.10963746643157993,0.0,0.0743894479476233,0.0,0.1084954094895843,0.0,0.11511098323894921
BK26,Brooklyn,Gravesend,0.0800745577398064,0.22236323256130172,0.1645273536535245,0.0,1421.8897435897436,0.0,1344.67217630854,0.0,1951.2142857142858,0.0,1044.0,0.0,1615.4827586206898,0.0,0.10306572193987247,0.0,0.09618285115688381,0.0,0.14318543843514905,0.0,0.06712485480186565,0.0,0.14243566750639788
BX22,Bronx,North Riverdale-Fieldston-Riverdale,0.13516840302033833,0.2104579310761607,0.09946355223671138,0.0,0.0,0.0,0.0,0.0,0.0,0.0,0.0,0.0,0.0,0.0,0.0,0.0,0.0,0.0,0.0,0.0,0.0,0.0,0.0
QN19,Queens,Glendale,0.0759942010209006,0.24547885600326338,0.18957150870664377,0.0,0.0,0.0,0.0,0.0,0.0,0.0,0.0,0.0,0.0,0.0,0.0,0.0,0.0,0.0,0.0,0.0,0.0,0.0,0.0
BK34,Brooklyn,Sunset Park East,0.06695663887158207,0.546465424768466,0.46725531552507127,1644.5036057692307,1648.9265873015872,1459.3271739130435,1525.9079812206573,1470.3108108108108,1870.7142857142858,1184.8536585365853,2337.4117647058824,1564.6444444444444,1552.092105263158,0.25998513712750626,0.3078411004910342,0.2441901352110234,0.326104699615561,0.23776213578001362,0.3309369632949393,0.26574085647070583,0.32967705156753113,0.3064973086206157,0.4313708336149045
BX03,Bronx,Eastchester-Edenwald-Baychester,0.10785872475530661,0.260745743250389,0.15011092187394834,0.0,0.0,0.0,0.0,0.0,0.0,0.0,0.0,0.0,0.0,0.0,0.0,0.0,0.0,0.0,0.0,0.0,0.0,0.0,0.0
BX31,Bronx,Allerton-Pelham Gardens,0.08118077223763784,0.218336883772228,0.1597342669752815,0.0,0.0,0.0,0.0,0.0,0.0,0.0,0.0,0.0,0.0,0.0,0.0,0.0,0.0,0.0,0.0,0.0,0.0,0.0,0.0
QN17,Queens,Forest Hills,0.16245228258509287,0.632491803774041,0.2535563780899702,0.0,0.0,0.0,0.0,0.0,0.0,0.0,0.0,0.0,0.0,0.0,0.0,0.0,0.0,0.0,0.0,0.0,0.0,0.0,0.0
BX29,Bronx,Spuyten Duyvil-Kingsbridge,0.05484300707888091,0.22783997340947892,0.22750989481790776,0.0,0.0,0.0,0.0,0.0,0.0,0.0,0.0,0.0,0.0,0.0,0.0,0.0,0.0,0.0,0.0,0.0,0.0,0.0,0.0
BX30,Bronx,Kingsbridge Heights,0.02359175788655827,0.24547885600326338,0.43229252742189356,0.0,0.0,0.0,0.0,0.0,0.0,0.0,0.0,0.0,0.0,0.0,0.0,0.0,0.0,0.0,0.0,0.0,0.0,0.0,0.0
BK27,Brooklyn,Bath Beach,0.04657965038867067,0.22610252458867788,0.2549643880715046,1359.3106457242584,1593.3165137614678,1539.161875945537,1481.1594827586207,1580.7627118644068,1413.5555555555557,1426.6842105263158,1335.0,2034.2222222222222,1499.35,0.23613609029758387,0.17560428611725182,0.23137919155145342,0.1873734193442313,0.25000318239513164,0.1402853459143946,0.3248183995007129,0.10230157952702283,0.24252720819098725,0.149709628576131
BX05,Bronx,Bedford Park-Fordham North,0.029299646435979584,0.4110577286256024,0.6352816604353755,0.0,0.0,0.0,0.0,0.0,0.0,0.0,0.0,0.0,0.0,0.0,0.0,0.0,0.0,0.0,0.0,0.0,0.0,0.0,0.0
QN22,Queens,Flushing,0.10039422210401963,0.5439574551662663,0.33301061703280266,0.0,0.0,0.0,0.0,0.0,0.0,0.0,0.0,0.0,0.0,0.0,0.0,0.0,0.0,0.0,0.0,0.0,0.0,0.0,0.0
QN51,Queens,Murray Hill,0.14586428565099088,0.39084288930184774,0.17260856379667733,0.0,0.0,0.0,0.0,0.0,0.0,0.0,0.0,0.0,0.0,0.0,0.0,0.0,0.0,0.0,0.0,0.0,0.0,0.0,0.0
QN02,Queens,Springfield Gardens North,0.07105398433920179,0.19194276994666787,0.15651281260935201,0.0,0.0,0.0,0.0,0.0,0.0,0.0,0.0,0.0,0.0,0.0,0.0,0.0,0.0,0.0,0.0,0.0,0.0,0.0,0.0
QN76,Queens,Baisley Park,0.11959900523460462,0.26139539802686246,0.13758292192444924,0.0,0.0,0.0,0.0,0.0,0.0,0.0,0.0,0.0,0.0,0.0,0.0,0.0,0.0,0.0,0.0,0.0,0.0,0.0,0.0
BX35,Bronx,Morrisania-Melrose,0.035185088256027466,0.2860369547810059,0.39252729187586594,0.0,0.0,0.0,0.0,0.0,0.0,0.0,0.0,0.0,0.0,0.0,0.0,0.0,0.0,0.0,0.0,0.0,0.0,0.0,0.0
QN28,Queens,Jackson Heights,0.13147701297326184,0.8169937602924957,0.3956934726079118,0.0,0.0,0.0,0.0,0.0,0.0,0.0,0.0,0.0,0.0,0.0,0.0,0.0,0.0,0.0,0.0,0.0,0.0,0.0,0.0
QN63,Queens,Woodside,0.07049574333632633,0.3406834972578525,0.27956370733928243,0.0,0.0,0.0,0.0,0.0,0.0,0.0,0.0,0.0,0.0,0.0,0.0,0.0,0.0,0.0,0.0,0.0,0.0,0.0,0.0
BK88,Brooklyn,Borough Park,0.15058002230185458,0.8034341053649398,0.34485708963366485,1681.1009591115599,1665.4207201516108,1656.4930991217063,1624.2877697841727,2279.8860103626944,1723.9473684210527,1450.2135922330096,2866.0,1488.2178217821781,1632.77,0.3107470424257842,0.24268577414704487,0.3185790390059277,0.23502403006215183,0.3112903203116632,0.22545931153700186,0.33512670161399843,0.18496550000531245,0.3453288473764783,0.2849275994947047
MN19,Manhattan,Turtle Bay-East Midtown,0.03673479570400363,0.38700539364546976,0.5158645318510756,0.0,0.0,0.0,0.0,0.0,0.0,0.0,0.0,0.0,0.0,0.0,0.0,0.0,0.0,0.0,0.0,0.0,0.0,0.0,0.0
QN43,Queens,Bellerose,0.1542752258876465,0.19102116665911253,0.08022631212975775,0.0,0.0,0.0,0.0,0.0,0.0,0.0,0.0,0.0,0.0,0.0,0.0,0.0,0.0,0.0,0.0,0.0,0.0,0.0,0.0
QN61,Queens,Jamaica,0.12975833416957516,0.4060417894212029,0.1989554530567701,0.0,0.0,0.0,0.0,0.0,0.0,0.0,0.0,0.0,0.0,0.0,0.0,0.0,0.0,0.0,0.0,0.0,0.0,0.0,0.0
MN04,Manhattan,Hamilton Heights,0.03236382973104207,0.366526159935941,0.5315345964635051,0.0,0.0,0.0,0.0,0.0,0.0,0.0,0.0,0.0,0.0,0.0,0.0,0.0,0.0,0.0,0.0,0.0,0.0,0.0,0.0
MN50,Manhattan,Stuyvesant Town-Cooper Village,0.0,0.15900678360452644,0.6610728942201929,0.0,0.0,0.0,0.0,0.0,0.0,0.0,0.0,0.0,0.0,0.0,0.0,0.0,0.0,0.0,0.0,0.0,0.0,0.0,0.0
BK58,Brooklyn,Flatlands,0.15163374791053172,0.4892202631857257,0.20867792655816514,1493.9333881578948,1696.8498942917547,1495.2316002700877,1742.1512309495897,1377.2833333333333,1794.0,1449.551724137931,1086.4,1276.25,1479.0,0.18955676304020969,0.14412446944345028,0.19609921758566976,0.1302977737226973,0.19234138279351679,0.09433823423750373,0.18753528015761828,0.09674316923529695,0.23104872622575068,0.1755534583196608
BK96,Brooklyn,Rugby-Remsen Village,0.08435406815327279,0.4179395367810361,0.29622115366423274,1617.0489913544668,1539.7707808564232,1546.6294165981922,1623.50875,1347.21875,1418.6190476190477,1765.0701754385964,2210.9166666666665,1615.089552238806,1685.36,0.2696416490380927,0.2010007248667647,0.2677576678042119,0.20305256840577318,0.2556779390963451,0.2057394579285396,0.30623891664017644,0.19289993998548452,0.378268349605499,0.23524382925059087
BK90,Brooklyn,East Williamsburg,0.1043372075880199,0.25803381226487787,0.15284905682491506,1639.0547730829421,1604.600422832981,1543.6013071895425,1546.1772151898733,1602.88,2427.5384615384614,2393.205882352941,2729.3333333333335,2475.6666666666665,1198.5,0.13833135643569847,0.10007412333917186,0.1406683216922452,0.10054960626635362,0.16694246420502615,0.10644497914443556,0.15266798497638648,0.08060938898990375,0.09908958945127377,0.09437196759793609
BX59,Bronx,Westchester-Unionport,0.05711646589750508,0.20583480638776835,0.19926039548600588,0.0,1485.5514950166114,0.0,1533.6513470681457,0.0,1200.0,0.0,1179.7142857142858,0.0,1629.780487804878,0.0,0.20814844614895087,0.0,0.21874967689768934,0.0,0.2007192919458014,0.0,0.15369100384253928,0.0,0.26347029230149593
QN10,Queens,Breezy Point-Belle Harbor-Rockaway Park-Broad Channel,0.29242749357921155,0.21165148287479793,0.04924612155070972,0.0,0.0,0.0,0.0,0.0,0.0,0.0,0.0,0.0,0.0,0.0,0.0,0.0,0.0,0.0,0.0,0.0,0.0,0.0,0.0
BK17,Brooklyn,Sheepshead Bay-Gerritsen Beach-Manhattan Beach,0.17965459611409287,0.48737705661061503,0.17832022073218742,1634.8093220338983,1521.2570016474465,1599.5975935828876,1390.1021505376343,1570.252336448598,1227.5384615384614,1966.5087719298247,1223.5,1415.9076923076923,1424.0,0.1577797096542684,0.07932292358866422,0.16990878417069064,0.0731114840418921,0.14710881661581499,0.06574678928215501,0.15808595239307244,0.06638557690781123,0.18943990132146357,0.0607185154644615
BX26,Bronx,Highbridge,0.03383529927976062,0.2849944854885253,0.4014130211558502,0.0,1784.1654294803818,0.0,1799.5411298315164,0.0,2673.740740740741,0.0,1146.375,0.0,2403.0597014925374,0.0,0.474396199800485,0.0,0.5089346896609382,0.0,0.5256715198102418,0.0,0.25556020095296533,0.0,0.6264341511164152
SI45,Staten Island,New Dorp-Midland Beach,0.15506749119072907,0.16540512774025895,0.06914868753539326,0.0,0.0,0.0,0.0,0.0,0.0,0.0,0.0,0.0,0.0,0.0,0.0,0.0,0.0,0.0,0.0,0.0,0.0,0.0,0.0
SI36,Staten Island,Old Town-Dongan Hills-South Beach,0.19102238883584038,0.1876067020199731,0.06489606391854703,0.0,0.0,0.0,0.0,0.0,0.0,0.0,0.0,0.0,0.0,0.0,0.0,0.0,0.0,0.0,0.0,0.0,0.0,0.0,0.0
MN36,Manhattan,Washington Heights South,0.0545724193817533,0.6378552327426007,0.6393278943741525,0.0,0.0,0.0,0.0,0.0,0.0,0.0,0.0,0.0,0.0,0.0,0.0,0.0,0.0,0.0,0.0,0.0,0.0,0.0,0.0
MN34,Manhattan,East Harlem North,0.058825376412971093,0.4382827962350239,0.41476384279444267,0.0,0.0,0.0,0.0,0.0,0.0,0.0,0.0,0.0,0.0,0.0,0.0,0.0,0.0,0.0,0.0,0.0,0.0,0.0,0.0
MN27,Manhattan,Chinatown,0.02775431729262396,0.3614195712278475,0.5777100174426706,0.0,0.0,0.0,0.0,0.0,0.0,0.0,0.0,0.0,0.0,0.0,0.0,0.0,0.0,0.0,0.0,0.0,0.0,0.0,0.0
MN21,Manhattan,Gramercy,0.006067283900964032,0.211424859115563,0.6511205359692066,0.0,0.0,0.0,0.0,0.0,0.0,0.0,0.0,0.0,0.0,0.0,0.0,0.0,0.0,0.0,0.0,0.0,0.0,0.0,0.0
MN31,Manhattan,Lenox Hill-Roosevelt Island,0.04954015927557783,0.6101542552387859,0.657581559745199,0.0,0.0,0.0,0.0,0.0,0.0,0.0,0.0,0.0,0.0,0.0,0.0,0.0,0.0,0.0,0.0,0.0,0.0,0.0,0.0
MN40,Manhattan,Upper East Side-Carnegie Hill,0.045052701354030784,0.46236534771638793,0.534146847968945,0.0,0.0,0.0,0.0,0.0,0.0,0.0,0.0,0.0,0.0,0.0,0.0,0.0,0.0,0.0,0.0,0.0,0.0,0.0,0.0
MN33,Manhattan,East Harlem South,0.034435543328145524,0.43739896357400776,0.6089309870004619,0.0,0.0,0.0,0.0,0.0,0.0,0.0,0.0,0.0,0.0,0.0,0.0,0.0,0.0,0.0,0.0,0.0,0.0,0.0,0.0
BK33,Brooklyn,Carroll Gardens-Columbia Street-Red Hook,0.12134988736334956,0.2897233679312272,0.1505678768820378,1874.8002645502645,0.0,1822.8383027522937,0.0,1844.6666666666667,0.0,1463.1176470588234,0.0,2060.8823529411766,0.0,0.14358339898745098,0.0,0.1406740570874096,0.0,0.14060498224884846,0.0,0.1339401036296148,0.0,0.14075061737349354,0.0
BK61,Brooklyn,Crown Heights North,0.14318687440717462,0.7793515538835758,0.34992705304080535,1809.8672242550967,0.0,1681.449190647482,0.0,1507.0280898876404,0.0,1670.7692307692307,0.0,1649.8333333333333,0.0,0.31390101260325387,0.0,0.3099756811353704,0.0,0.300319497047781,0.0,0.35396503574532134,0.0,0.34335069960171977,0.0
BK69,Brooklyn,Clinton Hill,0.046491774364555004,0.2628155735847346,0.29677186230487557,2033.9418416801293,0.0,2164.8737623762377,0.0,1819.950819672131,0.0,2709.896551724138,0.0,2170.4054054054054,0.0,0.2554441183921803,0.0,0.28322508295424054,0.0,0.2588337309340804,0.0,0.2482290101443006,0.0,0.3328096722799682,0.0
QN25,Queens,Corona,0.04508986552002448,0.4355557569988971,0.5028755530531739,0.0,0.0,0.0,0.0,0.0,0.0,0.0,0.0,0.0,0.0,0.0,0.0,0.0,0.0,0.0,0.0,0.0,0.0,0.0,0.0
BK30,Brooklyn,Dyker Heights,0.07568549717056172,0.3204384414328665,0.2482804155692977,1723.8712871287128,0.0,1671.3811149032992,0.0,1559.1604938271605,0.0,1315.9795918367347,0.0,1554.5897435897436,0.0,0.2287930599167257,0.0,0.2114148329874204,0.0,0.23583175546235408,0.0,0.2877907592940065,0.0,0.2407049657464226,0.0
BK31,Brooklyn,Bay Ridge,0.1916898372282779,0.5995784798078231,0.20674121434593992,1557.3,0.0,1633.9740698985345,0.0,1570.9444444444443,0.0,1531.987012987013,0.0,1645.2808988764045,0.0,0.18397868694786998,0.0,0.18988181229535317,0.0,0.18657907269568696,0.0,0.20125870016517874,0.0,0.24445201574102052,0.0
BX01,Bronx,Claremont-Bathgate,0.033817374684981576,0.2347671063167596,0.3307839284233855,0.0,1902.152502910361,0.0,1892.0166666666667,0.0,2222.714285714286,0.0,1852.9375,0.0,1641.8333333333333,0.0,0.43228963907305556,0.0,0.42384037770032684,0.0,0.2726659288936353,0.0,0.5112995032575371,0.0,0.448945905299301
BX40,Bronx,Fordham South,0.0022800641837415446,0.2134946894499086,0.7844361439075616,0.0,1645.3136482939633,0.0,1659.503947368421,0.0,1386.0,0.0,1193.1666666666667,0.0,1359.8536585365853,0.0,1.0,0.0,1.0,0.0,0.6602517428693554,0.0,1.0,0.0,1.0
BX09,Bronx,Soundview-Castle Hill-Clason Point-Harding Park,0.14429040802384976,0.40555077127619393,0.1808481000805719,0.0,1545.024647887324,0.0,1529.731396172927,0.0,2224.3720930232557,0.0,1201.7,0.0,1322.3551401869158,0.0,0.22616821607761844,0.0,0.22532616280463855,0.0,0.26505308231731,0.0,0.20227720733702492,0.0,0.3167365051472439
BX49,Bronx,Pelham Parkway,0.05424215818361549,0.22717521038238983,0.22875031202473697,0.0,1945.2552356020942,0.0,1848.1230207064555,0.0,1979.2727272727273,0.0,1464.5,0.0,1948.280701754386,0.0,0.2747695636185549,0.0,0.2960464117850909,0.0,0.3062098251994899,0.0,0.18270018104479827,0.0,0.38099671900805493
BK43,Brooklyn,Midwood,0.09397460811578787,0.3991222106392301,0.25843448563814575,1599.649323621228,0.0,1572.5290648694188,0.0,1623.4941176470588,0.0,1963.566037735849,0.0,1223.125,0.0,0.22740582761922212,0.0,0.23858548280965963,0.0,0.2068154155685333,0.0,0.2601377328533943,0.0,0.24757591716395957,0.0
BK46,Brooklyn,Ocean Parkway South,0.03795340315368472,0.15334118962365348,0.19989334067599268,10742.767772511848,0.0,8449.040322580646,0.0,20295.184210526317,0.0,20634.166666666668,0.0,1658.6315789473683,0.0,0.20104143793435805,0.0,0.20071041125648437,0.0,0.18614119877602853,0.0,0.23715574607881157,0.0,0.1972948226559605,0.0
SI99,Staten Island,park-cemetery-etc-Staten Island,0.05537826697567503,0.0,0.0,0.0,0.0,0.0,0.0,0.0,0.0,0.0,0.0,0.0,0.0,0.0,0.0,0.0,0.0,0.0,0.0,0.0,0.0,0.0,0.0
MN09,Manhattan,Morningside Heights,0.04532811445758612,0.422494674341658,0.485941139251948,0.0,0.0,0.0,0.0,0.0,0.0,0.0,0.0,0.0,0.0,0.0,0.0,0.0,0.0,0.0,0.0,0.0,0.0,0.0,0.0
MN11,Manhattan,Central Harlem South,0.027565743395136323,0.3277206182296152,0.5260440199387908,0.0,0.0,0.0,0.0,0.0,0.0,0.0,0.0,0.0,0.0,0.0,0.0,0.0,0.0,0.0,0.0,0.0,0.0,0.0,0.0
MN17,Manhattan,Midtown-Midtown South,0.0765368975097519,0.21627460756319025,0.16605290763563302,0.0,0.0,0.0,0.0,0.0,0.0,0.0,0.0,0.0,0.0,0.0,0.0,0.0,0.0,0.0,0.0,0.0,0.0,0.0,0.0
MN32,Manhattan,Yorkville,0.025100278940920526,0.5887836347429332,1.0,0.0,0.0,0.0,0.0,0.0,0.0,0.0,0.0,0.0,0.0,0.0,0.0,0.0,0.0,0.0,0.0,0.0,0.0,0.0,0.0
QN71,Queens,Old Astoria,0.031232282263619876,0.2101104413120005,0.3118001834573417,0.0,0.0,0.0,0.0,0.0,0.0,0.0,0.0,0.0,0.0,0.0,0.0,0.0,0.0,0.0,0.0,0.0,0.0,0.0,0.0
QN98,Queens,Airport,0.6922609968155616,0.0,0.0,0.0,0.0,0.0,0.0,0.0,0.0,0.0,0.0,0.0,0.0,0.0,0.0,0.0,0.0,0.0,0.0,0.0,0.0,0.0,0.0
BK25,Brooklyn,Homecrest,0.07591684228851756,0.33476861714182116,0.2587401573206662,1624.9441913439637,0.0,1603.8586744639376,0.0,1576.9893617021276,0.0,1678.2291666666667,0.0,1315.9545454545455,0.0,0.24799746893876654,0.0,0.24615869833467016,0.0,0.273002337221294,0.0,0.2812180866090855,0.0,0.2708908687392603,0.0
BK28,Brooklyn,Bensonhurst West,0.12775320330228443,0.6702548761878862,0.33295531178057247,1715.488391376451,0.0,1659.6781767955802,0.0,1414.2622950819673,0.0,1551.142857142857,0.0,1467.0,0.0,0.21894090370244967,0.0,0.22328690493461537,0.0,0.22773260196357506,0.0,0.2372299007137039,0.0,0.25720648369013366,0.0
BK29,Brooklyn,Bensonhurst East,0.09399682586006014,0.47574370363655594,0.30798597585282744,0.0,0.0,0.0,0.0,0.0,0.0,0.0,0.0,0.0,0.0,0.0,0.0,0.0,0.0,0.0,0.0,0.0,0.0,0.0,0.0
QN03,Queens,Springfield Gardens South-Brookville,0.11725644840223479,0.15207965069724577,0.0814388234115502,0.0,0.0,0.0,0.0,0.0,0.0,0.0,0.0,0.0,0.0,0.0,0.0,0.0,0.0,0.0,0.0,0.0,0.0,0.0,0.0
QN05,Queens,Rosedale,0.17410014424968434,0.18932904259015848,0.07128108659170923,0.0,0.0,0.0,0.0,0.0,0.0,0.0,0.0,0.0,0.0,0.0,0.0,0.0,0.0,0.0,0.0,0.0,0.0,0.0,0.0
SI24,Staten Island,Todt Hill-Emerson Hill-Heartland Village-Lighthouse Hill,0.557535000918667,0.23201740470470925,0.02908915253667896,0.0,0.0,0.0,0.0,0.0,0.0,0.0,0.0,0.0,0.0,0.0,0.0,0.0,0.0,0.0,0.0,0.0,0.0,0.0,0.0
BX62,Bronx,Woodlawn-Wakefield,0.10622226449170297,0.32092190545256766,0.18720121382031246,0.0,1498.8923076923077,0.0,1258.7818181818182,0.0,957.0,0.0,0.0,0.0,1198.857142857143,0.0,0.013542447608555809,0.0,0.011489149378027811,0.0,0.00806315452406464,0.0,0.0,0.0,0.027105221592509072
BX52,Bronx,Schuylerville-Throgs Neck-Edgewater Park,0.2576255557000186,0.3336430524709544,0.08745629455283883,1489.6673267326732,0.0,1491.5923664122138,0.0,1274.686274509804,0.0,2001.6451612903227,0.0,1507.3333333333333,0.0,0.04837645028035091,0.0,0.05329653970813397,0.0,0.05023409411707603,0.0,0.06159615352527848,0.0,0.037584093676441103,0.0
QN68,Queens,Queensbridge-Ravenswood-Long Island City,0.05515029842556133,0.15130912991584705,0.15044940734108994,0.0,0.0,0.0,0.0,0.0,0.0,0.0,0.0,0.0,0.0,0.0,0.0,0.0,0.0,0.0,0.0,0.0,0.0,0.0,0.0
QN56,Queens,Ozone Park,0.060447962235322845,0.16147698258018703,0.14962418754381673,0.0,0.0,0.0,0.0,0.0,0.0,0.0,0.0,0.0,0.0,0.0,0.0,0.0,0.0,0.0,0.0,0.0,0.0,0.0,0.0
QN57,Queens,Lindenwood-Howard Beach,0.1833486819329298,0.1975252685491547,0.07093971515097879,0.0,0.0,0.0,0.0,0.0,0.0,0.0,0.0,0.0,0.0,0.0,0.0,0.0,0.0,0.0,0.0,0.0,0.0,0.0,0.0
MN12,Manhattan,Upper West Side,0.08956058644811069,1.0,0.6742443236680533,0.0,1415.8997050147493,0.0,1554.6126984126984,0.0,1468.5625,0.0,1650.3333333333333,0.0,1419.860465116279,0.0,0.16327568030774955,0.0,0.15211559363557334,0.0,0.14911899432434753,0.0,0.09175226282780614,0.0,0.1924559659314958
MN14,Manhattan,Lincoln Square,0.031808921947190684,0.46449561105319614,0.6812153619897776,0.0,1753.1439393939395,0.0,1691.0423242467718,0.0,1491.590909090909,0.0,1511.65,0.0,1835.5154639175257,0.0,0.7605783236237817,0.0,0.732118667125419,0.0,0.8919719132542564,0.0,0.665244126034575,0.0,0.9443221496393235
QN70,Queens,Astoria,0.10496731971793366,0.595212195379897,0.35076372691121377,0.0,0.0,0.0,0.0,0.0,0.0,0.0,0.0,0.0,0.0,0.0,0.0,0.0,0.0,0.0,0.0,0.0,0.0,0.0,0.0
QN72,Queens,Steinway,0.1621482308960874,0.35907779238242005,0.14419269855458489,0.0,0.0,0.0,0.0,0.0,0.0,0.0,0.0,0.0,0.0,0.0,0.0,0.0,0.0,0.0,0.0,0.0,0.0,0.0,0.0
BX44,Bronx,Williamsbridge-Olinville,0.09545424537804298,0.4632265180014806,0.29600768937416966,1582.0160329821347,0.0,1585.0045334340764,0.0,1468.865,0.0,1493.1041666666667,0.0,1977.8135593220338,0.0,0.5097966160479698,0.0,0.5250640056026673,0.0,0.4802407264663811,0.0,0.4650115336309764,0.0,0.600639897606678,0.0
BX17,Bronx,East Tremont,0.04253387195647616,0.3280227832419284,0.39489081996292086,1546.5349932705249,0.0,1575.3187919463087,0.0,1456.398773006135,0.0,1730.4,0.0,1550.943661971831,0.0,0.6537707271563346,0.0,0.6681735339434044,0.0,0.7373607987693905,0.0,0.7756661983399789,0.0,0.680853959141094,0.0
BX36,Bronx,University Heights-Morris Heights,0.04875310907272678,0.40934294218072487,0.4464149392833041,1521.4639689578714,0.0,1633.5333333333333,0.0,1355.848167539267,0.0,1331.5806451612902,0.0,1470.0941176470587,0.0,0.7189878961359877,0.0,0.7261518297275094,0.0,0.7827159652329727,0.0,0.7688069022429712,0.0,0.7384021094988991,0.0
QN20,Queens,Ridgewood,0.13966719511746506,0.5236293039628941,0.24037898559313026,0.0,0.0,0.0,0.0,0.0,0.0,0.0,0.0,0.0,0.0,0.0,0.0,0.0,0.0,0.0,0.0,0.0,0.0,0.0,0.0
QN21,Queens,Middle Village,0.16202338272266706,0.28652041880070706,0.11513636084115195,0.0,0.0,0.0,0.0,0.0,0.0,0.0,0.0,0.0,0.0,0.0,0.0,0.0,0.0,0.0,0.0,0.0,0.0,0.0,0.0
BX14,Bronx,East Concourse-Concourse Village,0.03931973356231871,0.4705011406729215,0.5985469196857477,1441.9873843566022,0.0,1473.6577086280056,0.0,1393.7583333333334,0.0,1659.58,0.0,1694.3265306122448,0.0,0.5527808725536243,0.0,0.5583874584478152,0.0,0.5736383494125205,0.0,0.48215917557717297,0.0,0.49654222895032263,0.0
BK42,Brooklyn,Flatbush,0.12334669866036554,0.7992566740697095,0.4094742997492072,0.0,0.0,0.0,0.0,0.0,0.0,0.0,0.0,0.0,0.0,0.0,0.0,0.0,0.0,0.0,0.0,0.0,0.0,0.0,0.0
QN27,Queens,East Elmhurst,0.043994729921123556,0.17487800087627853,0.20551257101523696,0.0,0.0,0.0,0.0,0.0,0.0,0.0,0.0,0.0,0.0,0.0,0.0,0.0,0.0,0.0,0.0,0.0,0.0,0.0,0.0
SI01,Staten Island,Annadale-Huguenot-Prince's Bay-Eltingville,0.4216626330517626,0.20977805979845593,0.03444116382413547,0.0,0.0,0.0,0.0,0.0,0.0,0.0,0.0,0.0,0.0,0.0,0.0,0.0,0.0,0.0,0.0,0.0,0.0,0.0,0.0
SI32,Staten Island,Rossville-Woodrow,0.18465589257259288,0.15684630376648687,0.05596562435171263,0.0,0.0,0.0,0.0,0.0,0.0,0.0,0.0,0.0,0.0,0.0,0.0,0.0,0.0,0.0,0.0,0.0,0.0,0.0,0.0
BK19,Brooklyn,Brighton Beach,0.03608338527013138,0.26852649231745457,0.3623011158474652,0.0,0.0,0.0,0.0,0.0,0.0,0.0,0.0,0.0,0.0,0.0,0.0,0.0,0.0,0.0,0.0,0.0,0.0,0.0,0.0
BK23,Brooklyn,West Brighton,0.009835260238551621,0.13408572421399326,0.35567613419696786,0.0,0.0,0.0,0.0,0.0,0.0,0.0,0.0,0.0,0.0,0.0,0.0,0.0,0.0,0.0,0.0,0.0,0.0,0.0,0.0
SI25,Staten Island,Oakwood-Oakwood Beach,0.15658425977265147,0.16656090891235703,0.06902460558044901,0.0,0.0,0.0,0.0,0.0,0.0,0.0,0.0,0.0,0.0,0.0,0.0,0.0,0.0,0.0,0.0,0.0,0.0,0.0,0.0
SI54,Staten Island,Great Kills,0.2612892945917401,0.30760398253486226,0.07957055275937265,0.0,0.0,0.0,0.0,0.0,0.0,0.0,0.0,0.0,0.0,0.0,0.0,0.0,0.0,0.0,0.0,0.0,0.0,0.0,0.0
MN13,Manhattan,Hudson Yards-Chelsea-Flatiron-Union Square,0.097876101486597,0.529921890344317,0.3315086594253748,0.0,1569.4772151898735,0.0,1519.6304787592717,0.0,1770.5348837209303,0.0,922.4117647058823,0.0,1475.3300970873786,0.0,0.35303243920853855,0.0,0.3322309258809562,0.0,0.37183233796735676,0.0,0.24120159375039074,0.0,0.4277262121599469
MN15,Manhattan,Clinton,0.039793329008062796,0.34661348562449956,0.4372881559771041,0.0,1761.9793307086613,0.0,1721.4572769953052,0.0,1933.2068965517242,0.0,1405.7142857142858,0.0,1523.942857142857,0.0,0.4578154828752181,0.0,0.4811580486139216,0.0,0.5057267679200315,0.0,0.4005885475158158,0.0,0.586227142706072
BK72,Brooklyn,Williamsburg,0.018699287956008406,0.24872712988563053,0.49748140621339054,0.0,0.0,0.0,0.0,0.0,0.0,0.0,0.0,0.0,0.0,0.0,0.0,0.0,0.0,0.0,0.0,0.0,0.0,0.0,0.0
SI05,Staten Island,New Springville-Bloomfield-Travis,1.0000000000000002,0.2991206998141685,0.021191560494612818,0.0,0.0,0.0,0.0,0.0,0.0,0.0,0.0,0.0,0.0,0.0,0.0,0.0,0.0,0.0,0.0,0.0,0.0,0.0,0.0
SI48,Staten Island,Arden Heights,0.1394172318802306,0.19065101451902883,0.08766044338039072,0.0,0.0,0.0,0.0,0.0,0.0,0.0,0.0,0.0,0.0,0.0,0.0,0.0,0.0,0.0,0.0,0.0,0.0,0.0,0.0
BX75,Bronx,Crotona Park East,0.03338205844411289,0.1531749988668812,0.21767407865722285,0.0,0.0,0.0,0.0,0.0,0.0,0.0,0.0,0.0,0.0,0.0,0.0,0.0,0.0,0.0,0.0,0.0,0.0,0.0,0.0
MN24,Manhattan,SoHo-TriBeCa-Civic Center-Little Italy,0.0604974255941308,0.32287842390729576,0.2989882498793022,0.0,1767.8022312373225,0.0,1831.2639175257732,0.0,2454.0857142857144,0.0,2462.785714285714,0.0,1508.65,0.0,0.32611180528713746,0.0,0.3216641931247128,0.0,0.4480008369419687,0.0,0.2940298122720742,0.0,0.3688178829893614
MN25,Manhattan,Battery Park City-Lower Manhattan,0.041776489285695745,0.2998912205955672,0.3656502442698765,0.0,1394.186230248307,0.0,1514.251968503937,0.0,1329.3809523809523,0.0,1484.2222222222222,0.0,1256.1875,0.0,0.3858427525641613,0.0,0.3881680315975243,0.0,0.35392977117239616,0.0,0.24888164005690533,0.0,0.517997559793234
BX08,Bronx,West Farms-Bronx River,0.02956533764628392,0.26447748115245734,0.4064292617131161,0.0,0.0,0.0,0.0,0.0,0.0,0.0,0.0,0.0,0.0,0.0,0.0,0.0,0.0,0.0,0.0,0.0,0.0,0.0,0.0
MN03,Manhattan,Central Harlem North-Polo Grounds,0.06164893863483426,0.5686896614241037,0.5189341882797731,1614.0896455872135,1579.3925925925926,1609.870893371758,1554.3293378995434,1397.9645390070923,1389.0980392156862,1573.6666666666667,1842.48,1633.6440677966102,1824.5042016806722,0.47987859387355103,0.5719901903790754,0.49145658240788354,0.5725150936576959,0.48347661783817053,0.6432840914399445,0.4980263933728601,0.5173985340323546,0.42885606095996287,0.7208244942421486
MN99,Manhattan,park-cemetery-etc-Manhattan,0.26710878686674094,0.013967577694178791,0.003539191617032381,2030.531914893617,1138.6052631578948,1945.483870967742,956.3142857142857,2261.6666666666665,0.0,964.6666666666666,1961.0,2692.0,1125.0,0.004352256391608797,0.0034390705619572995,0.004876670319791909,0.0031759006886219244,0.0028564304069378754,0.0,0.005762184337277535,0.005746867912744435,0.008073569014942536,0.006728040483212998
QN45,Queens,Douglas Manor-Douglaston-Little Neck,0.19375036571379367,0.18688150599042136,0.06380976408393685,0.0,0.0,0.0,0.0,0.0,0.0,0.0,0.0,0.0,0.0,0.0,0.0,0.0,0.0,0.0,0.0,0.0,0.0,0.0,0.0
QN06,Queens,Jamaica Estates-Holliswood,0.11570894915053564,0.19247911284352384,0.1042716622200889,0.0,0.0,0.0,0.0,0.0,0.0,0.0,0.0,0.0,0.0,0.0,0.0,0.0,0.0,0.0,0.0,0.0,0.0,0.0,0.0
BK32,Brooklyn,Sunset Park West,0.1379894996394255,0.4082324857604738,0.18942873102208088,0.0,0.0,0.0,0.0,0.0,0.0,0.0,0.0,0.0,0.0,0.0,0.0,0.0,0.0,0.0,0.0,0.0,0.0,0.0,0.0
BK37,Brooklyn,Park Slope-Gowanus,0.11482422837725367,0.5110290229494326,0.278692875927756,0.0,0.0,0.0,0.0,0.0,0.0,0.0,0.0,0.0,0.0,0.0,0.0,0.0,0.0,0.0,0.0,0.0,0.0,0.0,0.0
QN34,Queens,Queens Village,0.1988651670839151,0.39662179516233814,0.13222072522252573,0.0,0.0,0.0,0.0,0.0,0.0,0.0,0.0,0.0,0.0,0.0,0.0,0.0,0.0,0.0,0.0,0.0,0.0,0.0,0.0
QN42,Queens,Oakland Gardens,0.1412640506981989,0.21330583631721284,0.09693496558096368,0.0,0.0,0.0,0.0,0.0,0.0,0.0,0.0,0.0,0.0,0.0,0.0,0.0,0.0,0.0,0.0,0.0,0.0,0.0,0.0
BX37,Bronx,Van Nest-Morris Park-Westchester Square,0.09559236056576262,0.22095816525404524,0.14102241657906867,0.0,0.0,0.0,0.0,0.0,0.0,0.0,0.0,0.0,0.0,0.0,0.0,0.0,0.0,0.0,0.0,0.0,0.0,0.0,0.0
BX46,Bronx,Parkchester,0.011220644635039231,0.2252715708048165,0.5685663088278587,0.0,0.0,0.0,0.0,0.0,0.0,0.0,0.0,0.0,0.0,0.0,0.0,0.0,0.0,0.0,0.0,0.0,0.0,0.0,0.0
QN30,Queens,Maspeth,0.09345701986752136,0.2305216878937588,0.14996175585473986,0.0,0.0,0.0,0.0,0.0,0.0,0.0,0.0,0.0,0.0,0.0,0.0,0.0,0.0,0.0,0.0,0.0,0.0,0.0,0.0
QN31,Queens,Hunters Point-Sunnyside-West Maspeth,0.3011308262787634,0.4779570623517503,0.10816970155152845,0.0,0.0,0.0,0.0,0.0,0.0,0.0,0.0,0.0,0.0,0.0,0.0,0.0,0.0,0.0,0.0,0.0,0.0,0.0,0.0
QN18,Queens,Rego Park,0.04466870987241715,0.21347958119929294,0.24814927056648795,0.0,0.0,0.0,0.0,0.0,0.0,0.0,0.0,0.0,0.0,0.0,0.0,0.0,0.0,0.0,0.0,0.0,0.0,0.0,0.0
QN29,Queens,Elmhurst,0.08428375498277899,0.667988638595537,0.4737749375462583,0.0,0.0,0.0,0.0,0.0,0.0,0.0,0.0,0.0,0.0,0.0,0.0,0.0,0.0,0.0,0.0,0.0,0.0,0.0,0.0
BK38,Brooklyn,DUMBO-Vinegar Hill-Downtown Brooklyn-Boerum Hill,0.0712065546069009,0.26057955249361675,0.2121140715771057,0.0,0.0,0.0,0.0,0.0,0.0,0.0,0.0,0.0,0.0,0.0,0.0,0.0,0.0,0.0,0.0,0.0,0.0,0.0,0.0
BK35,Brooklyn,Stuyvesant Heights,0.08031726138079015,0.4797171735484748,0.35406229216092633,0.0,0.0,0.0,0.0,0.0,0.0,0.0,0.0,0.0,0.0,0.0,0.0,0.0,0.0,0.0,0.0,0.0,0.0,0.0,0.0
BK78,Brooklyn,Bushwick South,0.1075611809881771,0.5446599888198945,0.3143069120135182,0.0,0.0,0.0,0.0,0.0,0.0,0.0,0.0,0.0,0.0,0.0,0.0,0.0,0.0,0.0,0.0,0.0,0.0,0.0,0.0
BX27,Bronx,Hunts Point,0.1371737638865364,0.20550242487422382,0.09586102552212451,0.0,0.0,0.0,0.0,0.0,0.0,0.0,0.0,0.0,0.0,0.0,0.0,0.0,0.0,0.0,0.0,0.0,0.0,0.0,0.0
BK83,Brooklyn,Cypress Hills-City Line,0.0685095821407051,0.3718367100273459,0.3121875065161801,0.0,0.0,0.0,0.0,0.0,0.0,0.0,0.0,0.0,0.0,0.0,0.0,0.0,0.0,0.0,0.0,0.0,0.0,0.0,0.0
QN53,Queens,Woodhaven,0.097813004260693,0.42812249769599175,0.26797172956619436,0.0,0.0,0.0,0.0,0.0,0.0,0.0,0.0,0.0,0.0,0.0,0.0,0.0,0.0,0.0,0.0,0.0,0.0,0.0,0.0
BK60,Brooklyn,Prospect Lefferts Gardens-Wingate,0.08103649934158158,0.5095937391409449,0.373363224322872,0.0,0.0,0.0,0.0,0.0,0.0,0.0,0.0,0.0,0.0,0.0,0.0,0.0,0.0,0.0,0.0,0.0,0.0,0.0,0.0
BX34,Bronx,Melrose South-Mott Haven North,0.036366644265981386,0.2962274698212694,0.39756768275969306,0.0,0.0,0.0,0.0,0.0,0.0,0.0,0.0,0.0,0.0,0.0,0.0,0.0,0.0,0.0,0.0,0.0,0.0,0.0,0.0
BX39,Bronx,Mott Haven-Port Morris,0.11293816444761332,0.39593436975932556,0.21905137917294948,0.0,0.0,0.0,0.0,0.0,0.0,0.0,0.0,0.0,0.0,0.0,0.0,0.0,0.0,0.0,0.0,0.0,0.0,0.0,0.0
BX63,Bronx,West Concourse,0.042879483300408326,0.2967411503422019,0.355182004996021,0.0,0.0,0.0,0.0,0.0,0.0,0.0,0.0,0.0,0.0,0.0,0.0,0.0,0.0,0.0,0.0,0.0,0.0,0.0,0.0
SI35,Staten Island,New Brighton-Silver Lake,0.1292235734377568,0.13238604601973136,0.06510421075225824,0.0,0.0,0.0,0.0,0.0,0.0,0.0,0.0,0.0,0.0,0.0,0.0,0.0,0.0,0.0,0.0,0.0,0.0,0.0,0.0
SI07,Staten Island,Westerleigh,0.17934955921252346,0.18206952816933328,0.06671842703534171,1592.5,1628.5136452241716,1623.6673089274245,1707.3256972111553,1507.6304347826087,2179.03125,1722.3376623376623,1579.5714285714287,1764.0735294117646,1746.8426966292134,0.17891577052762536,0.13428589622443418,0.17711113695281436,0.1317522780531329,0.19002337634485109,0.16208924332407623,0.21388590676533847,0.1163549334732183,0.19849064118922896,0.21649315147978598
SI22,Staten Island,West New Brighton-New Brighton-St. George,0.1568720132767959,0.2534484582030247,0.10485823720136857,1875.5885663507108,1707.1729106628243,1735.5528693528693,1566.3007701661938,1839.3684210526317,1599.0,3708.869822485207,1636.9130434782608,1761.7588235294118,1499.9084967320262,0.5104450183521406,0.3589342677668672,0.5259149678622533,0.36550888333872306,0.5316899076964691,0.3431309034016166,0.5300081104692712,0.21581864885694094,0.560253282955182,0.42019410318276096
BK79,Brooklyn,Ocean Hill,0.04512960618898651,0.24124099170557042,0.2783501650455583,0.0,0.0,0.0,0.0,0.0,0.0,0.0,0.0,0.0,0.0,0.0,0.0,0.0,0.0,0.0,0.0,0.0,0.0,0.0,0.0
BK85,Brooklyn,East New York (Pennsylvania Ave),0.042975630539123524,0.22166069890767348,0.2648920855041035,0.0,0.0,0.0,0.0,0.0,0.0,0.0,0.0,0.0,0.0,0.0,0.0,0.0,0.0,0.0,0.0,0.0,0.0,0.0,0.0
BK76,Brooklyn,Greenpoint,0.09248723316755902,0.26227167656257083,0.1721227577661308,0.0,0.0,0.0,0.0,0.0,0.0,0.0,0.0,0.0,0.0,0.0,0.0,0.0,0.0,0.0,0.0,0.0,0.0,0.0,0.0
MN20,Manhattan,Murray Hill-Kips Bay,0.027622211416187342,0.38331142636994064,0.6145033652425079,1548.0054682159946,1565.154255319149,1500.6943685073811,1610.5920704845814,1442.1927710843374,1902.5238095238096,1426.774647887324,1543.0,1423.9594594594594,1497.1739130434783,0.8571374271155577,0.6458863536696132,0.910196019423156,0.651604762385963,1.0,0.4653583160444444,0.8628072004080558,0.32723763397356725,0.9449891228150299,0.7342893250138584
MN22,Manhattan,East Village,0.01653720938543897,0.33340887458641166,0.7094185723966059,1471.7589424572318,2071.8439716312055,1590.5501981505945,2085.2521645021643,1936.736,3672.676470588235,1661.8064516129032,1746.7,1317.6271186440679,1807.3541666666667,1.0,0.7500963640459939,1.0,0.704065814494235,0.9994356193701878,1.0,0.9999999999999999,0.48258479348450456,1.0,0.6779727830416454
MN23,Manhattan,West Village,0.06004254157654181,0.5052199005877109,0.47058832982200005,1607.8177545691906,1583.1656314699792,1577.5111695137975,1523.4379358437936,1547.5388349514562,1314.9756097560976,1681.2164948453608,1320.3478260869565,1347.7083333333333,1568.070796460177,0.6518731827635857,0.48206277723876506,0.6601085252893126,0.47832793323073663,0.7210200408173835,0.5278861224757,0.6848813658240984,0.4858886722962155,0.7122861941962318,0.6986903919763184
MN01,Manhattan,Marble Hill-Inwood,0.037916352721050026,0.35312514163984954,0.46063747167449426,1525.014423076923,1566.6363636363637,1458.7203742203742,1619.0765696784074,1807.8804347826087,1366.5,1455.6666666666667,1629.9,1534.392857142857,1494.8048780487804,0.396631848263738,0.3280029825518464,0.3895421194700541,0.30504203812059477,0.4509598358937416,0.25243777559885244,0.41530085663037014,0.2958549629551455,0.29094523289359264,0.3550259555461746
MN35,Manhattan,Washington Heights North,0.0531519916070717,0.5071537566665156,0.5185680937501245,0.0,0.0,0.0,0.0,0.0,0.0,0.0,0.0,0.0,0.0,0.0,0.0,0.0,0.0,0.0,0.0,0.0,0.0,0.0,0.0
QN47,Queens,Ft. Totten-Bay Terrace-Clearview,0.12669229994608636,0.1643097795706235,0.08222362915681618,0.0,0.0,0.0,0.0,0.0,0.0,0.0,0.0,0.0,0.0,0.0,0.0,0.0,0.0,0.0,0.0,0.0,0.0,0.0,0.0
QN49,Queens,Whitestone,0.19736109275023564,0.23246309809787125,0.07803848899494498,0.0,0.0,0.0,0.0,0.0,0.0,0.0,0.0,0.0,0.0,0.0,0.0,0.0,0.0,0.0,0.0,0.0,0.0,0.0,0.0
QN60,Queens,Kew Gardens,0.046231149126128294,0.17584492891568085,0.1993785542518918,0.0,0.0,0.0,0.0,0.0,0.0,0.0,0.0,0.0,0.0,0.0,0.0,0.0,0.0,0.0,0.0,0.0,0.0,0.0,0.0
QN99,Queens,park-cemetery-etc-Queens,0.9412458259645095,0.0032935986342141443,0.000247640896698781,0.0,0.0,0.0,0.0,0.0,0.0,0.0,0.0,0.0,0.0,0.0,0.0,0.0,0.0,0.0,0.0,0.0,0.0,0.0,0.0
BX13,Bronx,Co-op City,0.10638138608264266,0.3305080904682047,0.19254509377786339,0.0,0.0,0.0,0.0,0.0,0.0,0.0,0.0,0.0,0.0,0.0,0.0,0.0,0.0,0.0,0.0,0.0,0.0,0.0,0.0
BX99,Bronx,park-cemetery-etc-Bronx,0.6711205514281001,0.014398162836725136,0.0015073407529782926,0.0,0.0,0.0,0.0,0.0,0.0,0.0,0.0,0.0,0.0,0.0,0.0,0.0,0.0,0.0,0.0,0.0,0.0,0.0,0.0
BK45,Brooklyn,Georgetown-Marine Park-Bergen Beach-Mill Basin,0.19861888296979607,0.3416806417984862,0.11403504519580968,0.0,0.0,0.0,0.0,0.0,0.0,0.0,0.0,0.0,0.0,0.0,0.0,0.0,0.0,0.0,0.0,0.0,0.0,0.0,0.0
BK82,Brooklyn,East New York,0.3465424739491236,0.6946622550574869,0.13759361260954395,0.0,0.0,0.0,0.0,0.0,0.0,0.0,0.0,0.0,0.0,0.0,0.0,0.0,0.0,0.0,0.0,0.0,0.0,0.0,0.0
BK93,Brooklyn,Starrett City,0.018728342840040532,0.10087778936076991,0.20160403708433905,0.0,0.0,0.0,0.0,0.0,0.0,0.0,0.0,0.0,0.0,0.0,0.0,0.0,0.0,0.0,0.0,0.0,0.0,0.0,0.0
BK73,Brooklyn,North Side-South Side,0.0723800468542925,0.3457825318406382,0.2777884028926157,0.0,0.0,0.0,0.0,0.0,0.0,0.0,0.0,0.0,0.0,0.0,0.0,0.0,0.0,0.0,0.0,0.0,0.0,0.0,0.0
MN28,Manhattan,Lower East Side,0.055112189035011964,0.5511263200833976,0.5482831362629977,0.0,0.0,0.0,0.0,0.0,0.0,0.0,0.0,0.0,0.0,0.0,0.0,0.0,0.0,0.0,0.0,0.0,0.0,0.0,0.0
BK40,Brooklyn,Windsor Terrace,0.02632340371440707,0.15854598196074876,0.26173330272311796,0.0,0.0,0.0,0.0,0.0,0.0,0.0,0.0,0.0,0.0,0.0,0.0,0.0,0.0,0.0,0.0,0.0,0.0,0.0,0.0
BK99,Brooklyn,park-cemetery-etc-Brooklyn,0.6834037846588481,0.0031576243786731934,0.0003247764926734996,0.0,0.0,0.0,0.0,0.0,0.0,0.0,0.0,0.0,0.0,0.0,0.0,0.0,0.0,0.0,0.0,0.0,0.0,0.0,0.0
