nta,boro_name,name,shape_area,population,population_density,engine_needed_first_shift,engine_needed_second_shift,ladder_needed_first_shift,ladder_needed_second_shift,rescue_needed_first_shift,rescue_needed_second_shift,squad_needed_first_shift,squad_needed_second_shift,hazardous_needed_first_shift,hazardous_needed_second_shift,engine_needed_per_density_first_shift,engine_needed_per_density_second_shift,ladder_needed_per_density_first_shift,ladder_needed_per_density_second_shift,rescue_needed_per_density_first_shift,rescue_needed_per_density_second_shift,squad_needed_per_density_first_shift,squad_needed_per_density_second_shift,hazardous_needed_per_density_first_shift,hazardous_needed_per_density_second_shift
QN08,Queens,St. Albans,0.22336119035706842,0.36707761108341264,0.10991775628302636,0.29265402843601895,0.3392342527789214,0.27863247863247864,0.3429266315362789,0.26023391812865493,0.3333333333333333,0.23668639053254437,0.52,0.2411764705882353,0.3464052287581699,0.10811863039323386,0.08812754640350322,0.1060582187440717,0.09071857282209879,0.10014271848581395,0.08278194730036836,0.09079310349072658,0.08828797276224744,0.09779494452263857,0.10534925080073054
BX28,Bronx,Van Cortlandt Village,0.062466976234585574,0.3784616779223134,0.34180944078719844,0.0,0.0,0.0,0.0,0.0,0.0,0.0,0.0,0.0,0.0,0.0,0.0,0.0,0.0,0.0,0.0,0.0,0.0,0.0,0.0
QN55,Queens,South Ozone Park,0.2390587926694577,0.5731919201075707,0.16112830200480266,0.48755924170616116,0.4796212433100041,0.46495726495726497,0.4698013781921362,0.47953216374269003,0.9,0.5384615384615384,0.48,0.4823529411764706,0.3790849673202614,0.16909673982280604,0.11696938465648608,0.16614506313399477,0.11667319608589667,0.17323475678380576,0.20982692445598852,0.19390815539630482,0.07650701382681749,0.183615023660796,0.1082294341940345
BK50,Brooklyn,Canarsie,0.2379030301327875,0.6322274093882669,0.1785283561613175,0.0,0.0,0.0,0.0,0.0,0.0,0.0,0.0,0.0,0.0,0.0,0.0,0.0,0.0,0.0,0.0,0.0,0.0,0.0,0.0
BX41,Bronx,Mount Hope,0.028422294156459943,0.3913565698227802,0.6164307806564818,0.0,0.0,0.0,0.0,0.0,0.0,0.0,0.0,0.0,0.0,0.0,0.0,0.0,0.0,0.0,0.0,0.0,0.0,0.0,0.0
QN26,Queens,North Corona,0.03864301623008317,0.39309401864358123,0.5061189129800453,0.3338270142180095,0.315356113627007,0.3052503052503053,0.32752330766112686,0.36549707602339176,0.23333333333333334,0.3136094674556213,0.4,0.2529411764705882,0.35947712418300654,0.5302902962208377,0.3522568197287146,0.499591304098744,0.3725489811730291,0.6047634779904371,0.24916087721592883,0.5172671667547278,0.29201446544090565,0.4410087197211719,0.47007206631950677
BK68,Brooklyn,Fort Greene,0.03391360950840749,0.19700403390291438,0.27705500560758467,0.0,0.0,0.0,0.0,0.0,0.0,0.0,0.0,0.0,0.0,0.0,0.0,0.0,0.0,0.0,0.0,0.0,0.0,0.0,0.0
QN38,Queens,Pomonok-Flushing Heights-Hillcrest,0.10341542426807707,0.25709710072670683,0.1534567586390306,0.19757109004739337,0.2219020172910663,0.19804639804639804,0.2124037292257803,0.195906432748538,0.2,0.2662721893491124,0.24,0.15294117647058825,0.30718954248366015,0.14549508025495295,0.11490848953365121,0.15026520290539888,0.11200464058420204,0.15027372649269877,0.09900697056594206,0.20360304430899373,0.08122473935495568,0.12361887285352088,0.18622257315526428
QN52,Queens,East Flushing,0.07424351975938126,0.20382540905588542,0.1604135847176053,0.16676540284360192,0.17743927542198434,0.1619047619047619,0.17430077016619375,0.15204678362573099,0.08333333333333333,0.16568047337278105,0.28,0.20588235294117646,0.14379084967320263,0.16192908029940012,0.12115311943529719,0.1619739137930106,0.12119010597804823,0.153782025577566,0.05439368855527859,0.16704126291814583,0.12494793872155359,0.21941860807044583,0.11493468927696918
BK44,Brooklyn,Madison,0.06779327165974708,0.2939838946048437,0.2489005346245212,0.0,0.0,0.0,0.0,0.0,0.0,0.0,0.0,0.0,0.0,0.0,0.0,0.0,0.0,0.0,0.0,0.0,0.0,0.0,0.0
QN01,Queens,South Jamaica,0.1069475812578235,0.2938101497227636,0.17038608800819274,0.26510663507109006,0.2597776862906546,0.2549450549450549,0.2683421159302797,0.2807017543859649,0.2833333333333333,0.21301775147928995,0.36,0.2823529411764706,0.24836601307189543,0.18968107645248217,0.1306986813126733,0.18793884884310996,0.13748053548271366,0.2091982187498018,0.13627366721669945,0.1582532909613284,0.11837447919206463,0.22173342462378218,0.14628390924547824
BX98,Bronx,Rikers Island,0.03914002217424769,0.08378280378914925,0.10692325667486403,0.0,0.0,0.0,0.0,0.0,0.0,0.0,0.0,0.0,0.0,0.0,0.0,0.0,0.0,0.0,0.0,0.0,0.0,0.0,0.0
QN07,Queens,Hollis,0.05382833270149045,0.15311456586441854,0.1550727197069222,0.13388625592417064,0.12350761630300536,0.12991452991452992,0.12322659100121605,0.12280701754385964,0.08333333333333333,0.13609467455621302,0.12,0.15294117647058825,0.16339869281045752,0.1672980828550387,0.10852121821865596,0.16725505602787033,0.11025755771015446,0.15984078316939654,0.06999783138716155,0.1765751746605172,0.06891097356884653,0.20975621337712141,0.1680755452898696
QN48,Queens,Auburndale,0.08889867702771004,0.1510522896553808,0.10248071539915546,0.10811611374407584,0.12597776862906546,0.11282051282051282,0.12890149979732468,0.11988304093567251,0.15,0.13609467455621302,0.16,0.08823529411764705,0.11111111111111112,0.09049849006389582,0.07414993445359565,0.09729836394318336,0.07726055863887807,0.10452450137636224,0.08440205672840695,0.11828388595271366,0.06154929199742907,0.08106412228152078,0.0765613144358264
BK77,Brooklyn,Bushwick North,0.06017172177279043,0.4316276118388252,0.4013705381811244,0.0,0.0,0.0,0.0,0.0,0.0,0.0,0.0,0.0,0.0,0.0,0.0,0.0,0.0,0.0,0.0,0.0,0.0,0.0,0.0
BK41,Brooklyn,Kensington-Ocean Parkway,0.03208073279593193,0.2786792367311789,0.40645460516558113,0.0,0.0,0.0,0.0,0.0,0.0,0.0,0.0,0.0,0.0,0.0,0.0,0.0,0.0,0.0,0.0,0.0,0.0,0.0,0.0
BK75,Brooklyn,Bedford,0.08411888703181614,0.5341748628926256,0.379482389588324,0.0,0.0,0.0,0.0,0.0,0.0,0.0,0.0,0.0,0.0,0.0,0.0,0.0,0.0,0.0,0.0,0.0,0.0,0.0,0.0
QN33,Queens,Cambria Heights,0.08550853826597424,0.14108839837435222,0.09887607488496465,0.13240521327014218,0.10498147385755455,0.13162393162393163,0.11025537089582489,0.13742690058479531,0.16666666666666666,0.09467455621301775,0.04,0.058823529411764705,0.11764705882352941,0.11448301818377546,0.06382849493951799,0.11725662938030539,0.06826289564057923,0.12377051108163509,0.09687140504298936,0.08499684571513905,0.01589454677905644,0.055824199516298946,0.08373712449454125
QN44,Queens,Glen Oaks-Floral Park-New Hyde Park,0.12462950193270259,0.1705041623230446,0.08656318535256488,0.13329383886255924,0.1350349938246192,0.13137973137973138,0.13254965545196595,0.13742690058479531,0.11666666666666667,0.11834319526627218,0.2,0.1588235294117647,0.08496732026143791,0.08349190890528907,0.059476663378908445,0.0847869954946199,0.059451372435719387,0.0896634641334759,0.04912380156636681,0.07696816835283278,0.05757268482562021,0.10919043544291702,0.04381140894047197
MN06,Manhattan,Manhattanville,0.016041474140153153,0.17336717581471242,0.3743649359660925,0.0,0.0,0.0,0.0,0.0,0.0,0.0,0.0,0.0,0.0,0.0,0.0,0.0,0.0,0.0,0.0,0.0,0.0,0.0,0.0
BX07,Bronx,Bronxdale,0.029890640314295613,0.26845850518968406,0.40970532585887,0.0,0.0,0.0,0.0,0.0,0.0,0.0,0.0,0.0,0.0,0.0,0.0,0.0,0.0,0.0,0.0,0.0,0.0,0.0,0.0
QN62,Queens,Queensboro Hill,0.06519009501555917,0.1571258064028766,0.1372263283307106,0.12114928909952608,0.123095924248662,0.12527472527472527,0.1345764085934333,0.12573099415204678,0.18333333333333332,0.15384615384615385,0.16,0.11176470588235293,0.1503267973856209,0.1305409788177757,0.09326863510264011,0.13907722457342775,0.10383503072877266,0.14111649833904602,0.13279395126968613,0.1721258840504436,0.07923154955207552,0.13218011174147495,0.13334090046568808
SI11,Staten Island,Charleston-Richmond Valley-Tottenville,0.43516917234912544,0.17610932330145493,0.02805044275262081,0.0,0.0,0.0,0.0,0.0,0.0,0.0,0.0,0.0,0.0,0.0,0.0,0.0,0.0,0.0,0.0,0.0,0.0,0.0,0.0
QN15,Queens,Far Rockaway-Bayswater,0.15120744822132356,0.3781444046593845,0.16170626132036997,0.31131516587677727,0.345821325648415,0.30378510378510376,0.31130928252938794,0.2807017543859649,0.5,0.35502958579881655,0.6,0.27058823529411763,0.28758169934640526,0.16425004857841705,0.1282989059284575,0.1651346705816907,0.11761054594584613,0.1542623001496704,0.1773315854411857,0.19449270661291335,0.14548179511530446,0.15669299414125112,0.12490144361118821
SI08,Staten Island,Grymes Hill-Clifton-Fox Hills,0.1000461229645872,0.1696656544138754,0.10417729757097068,0.0,0.0,0.0,0.0,0.0,0.0,0.0,0.0,0.0,0.0,0.0,0.0,0.0,0.0,0.0,0.0,0.0,0.0,0.0,0.0
BX10,Bronx,Pelham Bay-Country Club-City Island,0.10770307141711388,0.20081131305806102,0.11575067465943353,0.0,0.0,0.0,0.0,0.0,0.0,0.0,0.0,0.0,0.0,0.0,0.0,0.0,0.0,0.0,0.0,0.0,0.0,0.0,0.0
BX33,Bronx,Longwood,0.016034158766711118,0.19788786656393056,0.4274080051466903,0.0,0.0,0.0,0.0,0.0,0.0,0.0,0.0,0.0,0.0,0.0,0.0,0.0,0.0,0.0,0.0,0.0,0.0,0.0,0.0
QN37,Queens,Kew Gardens Hills,0.10044225566634318,0.28312106241218327,0.17325595516257655,0.24881516587677727,0.12268423219431865,0.23809523809523808,0.11957843534657478,0.23684210526315788,0.11666666666666667,0.20118343195266272,0.28,0.24705882352941178,0.11111111111111112,0.18785766108123586,0.06513385231395662,0.18521209060412944,0.06464782171341533,0.18626035341833086,0.05921199807609543,0.15771675063586707,0.09715435353541514,0.2047330102970079,0.0690574498997376
BK81,Brooklyn,Brownsville,0.08439293771956247,0.44040550544652435,0.31202499158450697,0.0,0.0,0.0,0.0,0.0,0.0,0.0,0.0,0.0,0.0,0.0,0.0,0.0,0.0,0.0,0.0,0.0,0.0,0.0,0.0
QN35,Queens,Briarwood-Jamaica Hills,0.0736693980159926,0.29565335629787426,0.23415144668640547,0.23281990521327017,0.0,0.23687423687423687,0.0,0.17251461988304093,0.0,0.2781065088757396,0.0,0.22941176470588234,0.0,0.2274941382639105,0.0,0.23847040678280687,0.0,0.1755842090028237,0.0,0.28215958107500777,0.0,0.246037456559455,0.0
SI37,Staten Island,Stapleton-Rosebank,0.127037907932318,0.19982927676804302,0.09975885755660822,0.0,0.0,0.0,0.0,0.0,0.0,0.0,0.0,0.0,0.0,0.0,0.0,0.0,0.0,0.0,0.0,0.0,0.0,0.0,0.0
QN23,Queens,College Point,0.1398500378595699,0.18337639184758797,0.08408344592818598,0.14691943127962087,0.0,0.1492063492063492,0.0,0.16374269005847952,0.0,0.20118343195266272,0.0,0.16470588235294117,0.0,0.08311557008273479,0.0,0.08696750587291267,0.0,0.09648826951058431,0.0,0.11817589705702053,0.0,0.10226986903837867,0.0
QN12,Queens,Hammels-Arverne-Edgemere,0.17512760585647716,0.2786339119793319,0.1043437316929524,0.17209715639810427,0.0,0.16483516483516483,0.0,0.17543859649122806,0.0,0.1301775147928994,0.0,0.16470588235294117,0.0,0.07951373562858222,0.0,0.07846661021787561,0.0,0.0844312180103354,0.0,0.06245079696862606,0.0,0.08352433246343209,0.0
QN46,Queens,Bayside-Bayside Hills,0.23372115278263014,0.3309311214854432,0.09500489569870739,0.0,0.0,0.0,0.0,0.0,0.0,0.0,0.0,0.0,0.0,0.0,0.0,0.0,0.0,0.0,0.0,0.0,0.0,0.0,0.0
QN50,Queens,Elmhurst-Maspeth,0.050818340715954015,0.1927888319811449,0.2038776634316831,0.0,0.0,0.0,0.0,0.0,0.0,0.0,0.0,0.0,0.0,0.0,0.0,0.0,0.0,0.0,0.0,0.0,0.0,0.0,0.0
BK91,Brooklyn,East Flatbush-Farragut,0.08949955562085524,0.3803879798758102,0.2566209497792198,0.0,0.0,0.0,0.0,0.0,0.0,0.0,0.0,0.0,0.0,0.0,0.0,0.0,0.0,0.0,0.0,0.0,0.0,0.0,0.0
BK95,Brooklyn,Erasmus,0.02784545222421496,0.22615540346583268,0.3607682457802387,0.0,0.0,0.0,0.0,0.0,0.0,0.0,0.0,0.0,0.0,0.0,0.0,0.0,0.0,0.0,0.0,0.0,0.0,0.0,0.0
QN66,Queens,Laurelton,0.1063776839503087,0.1847210261523818,0.10761670493405498,0.0,0.0,0.0,0.0,0.0,0.0,0.0,0.0,0.0,0.0,0.0,0.0,0.0,0.0,0.0,0.0,0.0,0.0,0.0,0.0
QN41,Queens,Fresh Meadows-Utopia,0.06902358479144877,0.13455407998307875,0.11229683820669174,0.0,0.0,0.0,0.0,0.0,0.0,0.0,0.0,0.0,0.0,0.0,0.0,0.0,0.0,0.0,0.0,0.0,0.0,0.0,0.0
BK09,Brooklyn,Brooklyn Heights-Cobble Hill,0.01371038597759646,0.1728912659203191,0.4013690015587388,0.0,0.0,0.0,0.0,0.0,0.0,0.0,0.0,0.0,0.0,0.0,0.0,0.0,0.0,0.0,0.0,0.0,0.0,0.0,0.0
QN54,Queens,Richmond Hill,0.14116965800054554,0.47577392013778724,0.21634004053953682,0.0,0.0,0.0,0.0,0.0,0.0,0.0,0.0,0.0,0.0,0.0,0.0,0.0,0.0,0.0,0.0,0.0,0.0,0.0,0.0
SI12,Staten Island,Mariner's Harbor-Arlington-Port Ivory-Graniteville,0.260828266877428,0.2377585399386605,0.06160496958240612,0.0,0.0,0.0,0.0,0.0,0.0,0.0,0.0,0.0,0.0,0.0,0.0,0.0,0.0,0.0,0.0,0.0,0.0,0.0,0.0
SI28,Staten Island,Port Richmond,0.0958958635665863,0.15252534409040777,0.09708552390153796,0.0,0.0,0.0,0.0,0.0,0.0,0.0,0.0,0.0,0.0,0.0,0.0,0.0,0.0,0.0,0.0,0.0,0.0,0.0,0.0
BX43,Bronx,Norwood,0.03155711361078896,0.30589675021529256,0.4509294911403926,0.0,0.0,0.0,0.0,0.0,0.0,0.0,0.0,0.0,0.0,0.0,0.0,0.0,0.0,0.0,0.0,0.0,0.0,0.0,0.0
BK64,Brooklyn,Prospect Heights,0.014482728097969924,0.1499418332351297,0.3396423238063991,0.0,0.0,0.0,0.0,0.0,0.0,0.0,0.0,0.0,0.0,0.0,0.0,0.0,0.0,0.0,0.0,0.0,0.0,0.0,0.0
BX55,Bronx,Soundview-Bruckner,0.033205080562211754,0.26918370121923585,0.38387133977324955,0.0,0.0,0.0,0.0,0.0,0.0,0.0,0.0,0.0,0.0,0.0,0.0,0.0,0.0,0.0,0.0,0.0,0.0,0.0,0.0
BK63,Brooklyn,Crown Heights South,0.03234732173047685,0.2996721509616401,0.4347276086518413,0.0,0.1955537258130918,0.0,0.19618970409404135,0.0,0.23333333333333334,0.0,0.44,0.0,0.24836601307189543,0.0,0.24611549441161587,0.0,0.251438679398779,0.0,0.2807337049918515,0.0,0.3619193112558183,0.0,0.36593172047151473
SI14,Staten Island,Grasmere-Arrochar-Ft. Wadsworth,0.109880738069729,0.12146278082460832,0.06881451523906203,0.0,0.0,0.0,0.0,0.0,0.0,0.0,0.0,0.0,0.0,0.0,0.0,0.0,0.0,0.0,0.0,0.0,0.0,0.0,0.0
BX06,Bronx,Belmont,0.024823670121637553,0.20681684267778633,0.35356581625033273,0.0,0.0,0.0,0.0,0.0,0.0,0.0,0.0,0.0,0.0,0.0,0.0,0.0,0.0,0.0,0.0,0.0,0.0,0.0,0.0
BK21,Brooklyn,Seagate-Coney Island,0.10319755399112482,0.24146761546480533,0.14438831066260324,0.0,0.20049403046521203,0.0,0.2075395216862586,0.0,0.15,0.0,0.32,0.0,0.1895424836601307,0.0,0.10401036303430622,0.0,0.10963746643157993,0.0,0.0743894479476233,0.0,0.1084954094895843,0.0,0.11511098323894921
BK26,Brooklyn,Gravesend,0.0800745577398064,0.22236323256130172,0.1645273536535245,0.0,0.16055990119390695,0.0,0.147142278070531,0.0,0.23333333333333334,0.0,0.16,0.0,0.1895424836601307,0.0,0.10306572193987247,0.0,0.09618285115688381,0.0,0.14318543843514905,0.0,0.06712485480186565,0.0,0.14243566750639788
BX22,Bronx,North Riverdale-Fieldston-Riverdale,0.13516840302033833,0.2104579310761607,0.09946355223671138,0.0,0.0,0.0,0.0,0.0,0.0,0.0,0.0,0.0,0.0,0.0,0.0,0.0,0.0,0.0,0.0,0.0,0.0,0.0,0.0
QN19,Queens,Glendale,0.0759942010209006,0.24547885600326338,0.18957150870664377,0.0,0.0,0.0,0.0,0.0,0.0,0.0,0.0,0.0,0.0,0.0,0.0,0.0,0.0,0.0,0.0,0.0,0.0,0.0,0.0
BK34,Brooklyn,Sunset Park East,0.06695663887158207,0.546465424768466,0.46725531552507127,0.24644549763033177,0.414985590778098,0.22466422466422467,0.43169841913254964,0.21637426900584794,0.4666666666666667,0.24260355029585798,0.68,0.2647058823529412,0.49673202614379086,0.25998513712750626,0.3078411004910342,0.2441901352110234,0.326104699615561,0.23776213578001362,0.3309369632949393,0.26574085647070583,0.32967705156753113,0.3064973086206157,0.4313708336149045
BX03,Bronx,Eastchester-Edenwald-Baychester,0.10785872475530661,0.260745743250389,0.15011092187394834,0.0,0.0,0.0,0.0,0.0,0.0,0.0,0.0,0.0,0.0,0.0,0.0,0.0,0.0,0.0,0.0,0.0,0.0,0.0,0.0
BX31,Bronx,Allerton-Pelham Gardens,0.08118077223763784,0.218336883772228,0.1597342669752815,0.0,0.0,0.0,0.0,0.0,0.0,0.0,0.0,0.0,0.0,0.0,0.0,0.0,0.0,0.0,0.0,0.0,0.0,0.0,0.0
QN17,Queens,Forest Hills,0.16245228258509287,0.632491803774041,0.2535563780899702,0.0,0.0,0.0,0.0,0.0,0.0,0.0,0.0,0.0,0.0,0.0,0.0,0.0,0.0,0.0,0.0,0.0,0.0,0.0,0.0
BX29,Bronx,Spuyten Duyvil-Kingsbridge,0.05484300707888091,0.22783997340947892,0.22750989481790776,0.0,0.0,0.0,0.0,0.0,0.0,0.0,0.0,0.0,0.0,0.0,0.0,0.0,0.0,0.0,0.0,0.0,0.0,0.0,0.0
BX30,Bronx,Kingsbridge Heights,0.02359175788655827,0.24547885600326338,0.43229252742189356,0.0,0.0,0.0,0.0,0.0,0.0,0.0,0.0,0.0,0.0,0.0,0.0,0.0,0.0,0.0,0.0,0.0,0.0,0.0,0.0
BK27,Brooklyn,Bath Beach,0.04657965038867067,0.22610252458867788,0.2549643880715046,0.16972748815165878,0.17949773569370112,0.16141636141636143,0.18808269152817186,0.17251461988304093,0.15,0.22485207100591714,0.16,0.1588235294117647,0.13071895424836602,0.23613609029758387,0.17560428611725182,0.23137919155145342,0.1873734193442313,0.25000318239513164,0.1402853459143946,0.3248183995007129,0.10230157952702283,0.24252720819098725,0.149709628576131
BX05,Bronx,Bedford Park-Fordham North,0.029299646435979584,0.4110577286256024,0.6352816604353755,0.0,0.0,0.0,0.0,0.0,0.0,0.0,0.0,0.0,0.0,0.0,0.0,0.0,0.0,0.0,0.0,0.0,0.0,0.0,0.0
QN22,Queens,Flushing,0.10039422210401963,0.5439574551662663,0.33301061703280266,0.0,0.0,0.0,0.0,0.0,0.0,0.0,0.0,0.0,0.0,0.0,0.0,0.0,0.0,0.0,0.0,0.0,0.0,0.0,0.0
QN51,Queens,Murray Hill,0.14586428565099088,0.39084288930184774,0.17260856379667733,0.0,0.0,0.0,0.0,0.0,0.0,0.0,0.0,0.0,0.0,0.0,0.0,0.0,0.0,0.0,0.0,0.0,0.0,0.0,0.0
QN02,Queens,Springfield Gardens North,0.07105398433920179,0.19194276994666787,0.15651281260935201,0.0,0.0,0.0,0.0,0.0,0.0,0.0,0.0,0.0,0.0,0.0,0.0,0.0,0.0,0.0,0.0,0.0,0.0,0.0,0.0
QN76,Queens,Baisley Park,0.11959900523460462,0.26139539802686246,0.13758292192444924,0.0,0.0,0.0,0.0,0.0,0.0,0.0,0.0,0.0,0.0,0.0,0.0,0.0,0.0,0.0,0.0,0.0,0.0,0.0,0.0
BX35,Bronx,Morrisania-Melrose,0.035185088256027466,0.2860369547810059,0.39252729187586594,0.0,0.0,0.0,0.0,0.0,0.0,0.0,0.0,0.0,0.0,0.0,0.0,0.0,0.0,0.0,0.0,0.0,0.0,0.0,0.0
QN28,Queens,Jackson Heights,0.13147701297326184,0.8169937602924957,0.3956934726079118,0.0,0.0,0.0,0.0,0.0,0.0,0.0,0.0,0.0,0.0,0.0,0.0,0.0,0.0,0.0,0.0,0.0,0.0,0.0,0.0
QN63,Queens,Woodside,0.07049574333632633,0.3406834972578525,0.27956370733928243,0.0,0.0,0.0,0.0,0.0,0.0,0.0,0.0,0.0,0.0,0.0,0.0,0.0,0.0,0.0,0.0,0.0,0.0,0.0,0.0
BK88,Brooklyn,Borough Park,0.15058002230185458,0.8034341053649398,0.34485708963366485,0.5867890995260664,0.6517085220255249,0.5838827838827839,0.6197811106607215,0.5643274853801169,0.6333333333333333,0.6094674556213018,0.76,0.5941176470588235,0.6535947712418301,0.3107470424257842,0.24268577414704487,0.3185790390059277,0.23502403006215183,0.3112903203116632,0.22545931153700186,0.33512670161399843,0.18496550000531245,0.3453288473764783,0.2849275994947047
MN19,Manhattan,Turtle Bay-East Midtown,0.03673479570400363,0.38700539364546976,0.5158645318510756,0.0,0.0,0.0,0.0,0.0,0.0,0.0,0.0,0.0,0.0,0.0,0.0,0.0,0.0,0.0,0.0,0.0,0.0,0.0,0.0
QN43,Queens,Bellerose,0.1542752258876465,0.19102116665911253,0.08022631212975775,0.0,0.0,0.0,0.0,0.0,0.0,0.0,0.0,0.0,0.0,0.0,0.0,0.0,0.0,0.0,0.0,0.0,0.0,0.0,0.0
QN61,Queens,Jamaica,0.12975833416957516,0.4060417894212029,0.1989554530567701,0.0,0.0,0.0,0.0,0.0,0.0,0.0,0.0,0.0,0.0,0.0,0.0,0.0,0.0,0.0,0.0,0.0,0.0,0.0,0.0
MN04,Manhattan,Hamilton Heights,0.03236382973104207,0.366526159935941,0.5315345964635051,0.0,0.0,0.0,0.0,0.0,0.0,0.0,0.0,0.0,0.0,0.0,0.0,0.0,0.0,0.0,0.0,0.0,0.0,0.0,0.0
MN50,Manhattan,Stuyvesant Town-Cooper Village,0.0,0.15900678360452644,0.6610728942201929,0.0,0.0,0.0,0.0,0.0,0.0,0.0,0.0,0.0,0.0,0.0,0.0,0.0,0.0,0.0,0.0,0.0,0.0,0.0,0.0
BK58,Brooklyn,Flatlands,0.15163374791053172,0.4892202631857257,0.20867792655816514,0.3601895734597157,0.38946068340881024,0.36166056166056165,0.34576408593433317,0.3508771929824561,0.26666666666666666,0.3431952662721893,0.4,0.4,0.40522875816993464,0.18955676304020969,0.14412446944345028,0.19609921758566976,0.1302977737226973,0.19234138279351679,0.09433823423750373,0.18753528015761828,0.09674316923529695,0.23104872622575068,0.1755534583196608
BK96,Brooklyn,Rugby-Remsen Village,0.08435406815327279,0.4179395367810361,0.29622115366423274,0.3083530805687204,0.3268834911486208,0.2971916971916972,0.3242805026347791,0.2807017543859649,0.35,0.33727810650887574,0.48,0.3941176470588235,0.32679738562091504,0.2696416490380927,0.2010007248667647,0.2677576678042119,0.20305256840577318,0.2556779390963451,0.2057394579285396,0.30623891664017644,0.19289993998548452,0.378268349605499,0.23524382925059087
BK90,Brooklyn,East Williamsburg,0.1043372075880199,0.25803381226487787,0.15284905682491506,0.18927725118483413,0.19473034170440512,0.18681318681318682,0.1921361978111066,0.21929824561403508,0.21666666666666667,0.20118343195266272,0.24,0.12352941176470589,0.1568627450980392,0.13833135643569847,0.10007412333917186,0.1406683216922452,0.10054960626635362,0.16694246420502615,0.10644497914443556,0.15266798497638648,0.08060938898990375,0.09908958945127377,0.09437196759793609
BX59,Bronx,Westchester-Unionport,0.05711646589750508,0.20583480638776835,0.19926039548600588,0.0,0.2478386167146974,0.0,0.255776246453182,0.0,0.25,0.0,0.28,0.0,0.2679738562091503,0.0,0.20814844614895087,0.0,0.21874967689768934,0.0,0.2007192919458014,0.0,0.15369100384253928,0.0,0.26347029230149593
QN10,Queens,Breezy Point-Belle Harbor-Rockaway Park-Broad Channel,0.29242749357921155,0.21165148287479793,0.04924612155070972,0.0,0.0,0.0,0.0,0.0,0.0,0.0,0.0,0.0,0.0,0.0,0.0,0.0,0.0,0.0,0.0,0.0,0.0,0.0,0.0
BK17,Brooklyn,Sheepshead Bay-Gerritsen Beach-Manhattan Beach,0.17965459611409287,0.48737705661061503,0.17832022073218742,0.34952606635071093,0.24989707698641417,0.3653235653235653,0.2261856505877584,0.3128654970760234,0.21666666666666667,0.33727810650887574,0.32,0.38235294117647056,0.16339869281045752,0.1577797096542684,0.07932292358866422,0.16990878417069064,0.0731114840418921,0.14710881661581499,0.06574678928215501,0.15808595239307244,0.06638557690781123,0.18943990132146357,0.0607185154644615
BX26,Bronx,Highbridge,0.03383529927976062,0.2849944854885253,0.4014130211558502,0.0,0.38822560724578015,0.0,0.4089987839481151,0.0,0.45,0.0,0.32,0.0,0.43790849673202614,0.0,0.474396199800485,0.0,0.5089346896609382,0.0,0.5256715198102418,0.0,0.25556020095296533,0.0,0.6264341511164152
SI45,Staten Island,New Dorp-Midland Beach,0.15506749119072907,0.16540512774025895,0.06914868753539326,0.0,0.0,0.0,0.0,0.0,0.0,0.0,0.0,0.0,0.0,0.0,0.0,0.0,0.0,0.0,0.0,0.0,0.0,0.0,0.0
SI36,Staten Island,Old Town-Dongan Hills-South Beach,0.19102238883584038,0.1876067020199731,0.06489606391854703,0.0,0.0,0.0,0.0,0.0,0.0,0.0,0.0,0.0,0.0,0.0,0.0,0.0,0.0,0.0,0.0,0.0,0.0,0.0,0.0
MN36,Manhattan,Washington Heights South,0.0545724193817533,0.6378552327426007,0.6393278943741525,0.0,0.0,0.0,0.0,0.0,0.0,0.0,0.0,0.0,0.0,0.0,0.0,0.0,0.0,0.0,0.0,0.0,0.0,0.0,0.0
MN34,Manhattan,East Harlem North,0.058825376412971093,0.4382827962350239,0.41476384279444267,0.0,0.0,0.0,0.0,0.0,0.0,0.0,0.0,0.0,0.0,0.0,0.0,0.0,0.0,0.0,0.0,0.0,0.0,0.0,0.0
MN27,Manhattan,Chinatown,0.02775431729262396,0.3614195712278475,0.5777100174426706,0.0,0.0,0.0,0.0,0.0,0.0,0.0,0.0,0.0,0.0,0.0,0.0,0.0,0.0,0.0,0.0,0.0,0.0,0.0,0.0
MN21,Manhattan,Gramercy,0.006067283900964032,0.211424859115563,0.6511205359692066,0.0,0.0,0.0,0.0,0.0,0.0,0.0,0.0,0.0,0.0,0.0,0.0,0.0,0.0,0.0,0.0,0.0,0.0,0.0,0.0
MN31,Manhattan,Lenox Hill-Roosevelt Island,0.04954015927557783,0.6101542552387859,0.657581559745199,0.0,0.0,0.0,0.0,0.0,0.0,0.0,0.0,0.0,0.0,0.0,0.0,0.0,0.0,0.0,0.0,0.0,0.0,0.0,0.0
MN40,Manhattan,Upper East Side-Carnegie Hill,0.045052701354030784,0.46236534771638793,0.534146847968945,0.0,0.0,0.0,0.0,0.0,0.0,0.0,0.0,0.0,0.0,0.0,0.0,0.0,0.0,0.0,0.0,0.0,0.0,0.0,0.0
MN33,Manhattan,East Harlem South,0.034435543328145524,0.43739896357400776,0.6089309870004619,0.0,0.0,0.0,0.0,0.0,0.0,0.0,0.0,0.0,0.0,0.0,0.0,0.0,0.0,0.0,0.0,0.0,0.0,0.0,0.0
BK33,Brooklyn,Carroll Gardens-Columbia Street-Red Hook,0.12134988736334956,0.2897233679312272,0.1505678768820378,0.22393364928909953,0.0,0.21294261294261294,0.0,0.21052631578947367,0.0,0.20118343195266272,0.0,0.2,0.0,0.14358339898745098,0.0,0.1406740570874096,0.0,0.14060498224884846,0.0,0.1339401036296148,0.0,0.14075061737349354,0.0
BK61,Brooklyn,Crown Heights North,0.14318687440717462,0.7793515538835758,0.34992705304080535,0.5666469194312796,0.0,0.5431013431013431,0.0,0.5204678362573099,0.0,0.6153846153846154,0.0,0.5647058823529412,0.0,0.31390101260325387,0.0,0.3099756811353704,0.0,0.300319497047781,0.0,0.35396503574532134,0.0,0.34335069960171977,0.0
BK69,Brooklyn,Clinton Hill,0.046491774364555004,0.2628155735847346,0.29677186230487557,0.1833530805687204,0.0,0.1973137973137973,0.0,0.1783625730994152,0.0,0.17159763313609466,0.0,0.21764705882352942,0.0,0.2554441183921803,0.0,0.28322508295424054,0.0,0.2588337309340804,0.0,0.2482290101443006,0.0,0.3328096722799682,0.0
QN25,Queens,Corona,0.04508986552002448,0.4355557569988971,0.5028755530531739,0.0,0.0,0.0,0.0,0.0,0.0,0.0,0.0,0.0,0.0,0.0,0.0,0.0,0.0,0.0,0.0,0.0,0.0,0.0,0.0
BK30,Brooklyn,Dyker Heights,0.07568549717056172,0.3204384414328665,0.2482804155692977,0.2393364928909953,0.0,0.21465201465201464,0.0,0.23684210526315788,0.0,0.28994082840236685,0.0,0.22941176470588234,0.0,0.2287930599167257,0.0,0.2114148329874204,0.0,0.23583175546235408,0.0,0.2877907592940065,0.0,0.2407049657464226,0.0
BK31,Brooklyn,Bay Ridge,0.1916898372282779,0.5995784798078231,0.20674121434593992,0.43246445497630337,0.0,0.4332112332112332,0.0,0.42105263157894735,0.0,0.4556213017751479,0.0,0.5235294117647059,0.0,0.18397868694786998,0.0,0.18988181229535317,0.0,0.18657907269568696,0.0,0.20125870016517874,0.0,0.24445201574102052,0.0
BX01,Bronx,Claremont-Bathgate,0.033817374684981576,0.2347671063167596,0.3307839284233855,0.0,0.35364347468093865,0.0,0.340494527766518,0.0,0.23333333333333334,0.0,0.64,0.0,0.3137254901960784,0.0,0.43228963907305556,0.0,0.42384037770032684,0.0,0.2726659288936353,0.0,0.5112995032575371,0.0,0.448945905299301
BX40,Bronx,Fordham South,0.0022800641837415446,0.2134946894499086,0.7844361439075616,0.0,0.3137093454096336,0.0,0.3080664775030401,0.0,0.21666666666666667,0.0,0.48,0.0,0.2679738562091503,0.0,1.0,0.0,1.0,0.0,0.6602517428693554,0.0,1.0,0.0,1.0
BX09,Bronx,Soundview-Castle Hill-Clason Point-Harding Park,0.14429040802384976,0.40555077127619393,0.1808481000805719,0.0,0.5846027171675586,0.0,0.5719497365220916,0.0,0.7166666666666667,0.0,0.8,0.0,0.6993464052287582,0.0,0.22616821607761844,0.0,0.22532616280463855,0.0,0.26505308231731,0.0,0.20227720733702492,0.0,0.3167365051472439
BX49,Bronx,Pelham Parkway,0.05424215818361549,0.22717521038238983,0.22875031202473697,0.0,0.3145327295183203,0.0,0.332792865828942,0.0,0.36666666666666664,0.0,0.32,0.0,0.37254901960784315,0.0,0.2747695636185549,0.0,0.2960464117850909,0.0,0.3062098251994899,0.0,0.18270018104479827,0.0,0.38099671900805493
BK43,Brooklyn,Midwood,0.09397460811578787,0.3991222106392301,0.25843448563814575,0.2846563981042654,0.0,0.2898656898656899,0.0,0.24853801169590642,0.0,0.3136094674556213,0.0,0.2823529411764706,0.0,0.22740582761922212,0.0,0.23858548280965963,0.0,0.2068154155685333,0.0,0.2601377328533943,0.0,0.24757591716395957,0.0
BK46,Brooklyn,Ocean Parkway South,0.03795340315368472,0.15334118962365348,0.19989334067599268,0.125,0.0,0.12112332112332112,0.0,0.1111111111111111,0.0,0.14201183431952663,0.0,0.11176470588235293,0.0,0.20104143793435805,0.0,0.20071041125648437,0.0,0.18614119877602853,0.0,0.23715574607881157,0.0,0.1972948226559605,0.0
SI99,Staten Island,park-cemetery-etc-Staten Island,0.05537826697567503,0.0,0.0,0.0,0.0,0.0,0.0,0.0,0.0,0.0,0.0,0.0,0.0,0.0,0.0,0.0,0.0,0.0,0.0,0.0,0.0,0.0,0.0
MN09,Manhattan,Morningside Heights,0.04532811445758612,0.422494674341658,0.485941139251948,0.0,0.0,0.0,0.0,0.0,0.0,0.0,0.0,0.0,0.0,0.0,0.0,0.0,0.0,0.0,0.0,0.0,0.0,0.0,0.0
MN11,Manhattan,Central Harlem South,0.027565743395136323,0.3277206182296152,0.5260440199387908,0.0,0.0,0.0,0.0,0.0,0.0,0.0,0.0,0.0,0.0,0.0,0.0,0.0,0.0,0.0,0.0,0.0,0.0,0.0,0.0
MN17,Manhattan,Midtown-Midtown South,0.0765368975097519,0.21627460756319025,0.16605290763563302,0.0,0.0,0.0,0.0,0.0,0.0,0.0,0.0,0.0,0.0,0.0,0.0,0.0,0.0,0.0,0.0,0.0,0.0,0.0,0.0
MN32,Manhattan,Yorkville,0.025100278940920526,0.5887836347429332,1.0,0.0,0.0,0.0,0.0,0.0,0.0,0.0,0.0,0.0,0.0,0.0,0.0,0.0,0.0,0.0,0.0,0.0,0.0,0.0,0.0
QN71,Queens,Old Astoria,0.031232282263619876,0.2101104413120005,0.3118001834573417,0.0,0.0,0.0,0.0,0.0,0.0,0.0,0.0,0.0,0.0,0.0,0.0,0.0,0.0,0.0,0.0,0.0,0.0,0.0,0.0
QN98,Queens,Airport,0.6922609968155616,0.0,0.0,0.0,0.0,0.0,0.0,0.0,0.0,0.0,0.0,0.0,0.0,0.0,0.0,0.0,0.0,0.0,0.0,0.0,0.0,0.0,0.0
BK25,Brooklyn,Homecrest,0.07591684228851756,0.33476861714182116,0.2587401573206662,0.26007109004739337,0.0,0.25054945054945055,0.0,0.27485380116959063,0.0,0.28402366863905326,0.0,0.2588235294117647,0.0,0.24799746893876654,0.0,0.24615869833467016,0.0,0.273002337221294,0.0,0.2812180866090855,0.0,0.2708908687392603,0.0
BK28,Brooklyn,Bensonhurst West,0.12775320330228443,0.6702548761878862,0.33295531178057247,0.3572274881516588,0.0,0.3536019536019536,0.0,0.3567251461988304,0.0,0.3727810650887574,0.0,0.38235294117647056,0.0,0.21894090370244967,0.0,0.22328690493461537,0.0,0.22773260196357506,0.0,0.2372299007137039,0.0,0.25720648369013366,0.0
BK29,Brooklyn,Bensonhurst East,0.09399682586006014,0.47574370363655594,0.30798597585282744,0.0,0.0,0.0,0.0,0.0,0.0,0.0,0.0,0.0,0.0,0.0,0.0,0.0,0.0,0.0,0.0,0.0,0.0,0.0,0.0
QN03,Queens,Springfield Gardens South-Brookville,0.11725644840223479,0.15207965069724577,0.0814388234115502,0.0,0.0,0.0,0.0,0.0,0.0,0.0,0.0,0.0,0.0,0.0,0.0,0.0,0.0,0.0,0.0,0.0,0.0,0.0,0.0
QN05,Queens,Rosedale,0.17410014424968434,0.18932904259015848,0.07128108659170923,0.0,0.0,0.0,0.0,0.0,0.0,0.0,0.0,0.0,0.0,0.0,0.0,0.0,0.0,0.0,0.0,0.0,0.0,0.0,0.0
SI24,Staten Island,Todt Hill-Emerson Hill-Heartland Village-Lighthouse Hill,0.557535000918667,0.23201740470470925,0.02908915253667896,0.0,0.0,0.0,0.0,0.0,0.0,0.0,0.0,0.0,0.0,0.0,0.0,0.0,0.0,0.0,0.0,0.0,0.0,0.0,0.0
BX62,Bronx,Woodlawn-Wakefield,0.10622226449170297,0.32092190545256766,0.18720121382031246,0.0,0.026759983532317826,0.0,0.02229428455614106,0.0,0.016666666666666666,0.0,0.0,0.0,0.04575163398692811,0.0,0.013542447608555809,0.0,0.011489149378027811,0.0,0.00806315452406464,0.0,0.0,0.0,0.027105221592509072
BX52,Bronx,Schuylerville-Throgs Neck-Edgewater Park,0.2576255557000186,0.3336430524709544,0.08745629455283883,0.14958530805687206,0.0,0.15995115995115994,0.0,0.14912280701754385,0.0,0.1834319526627219,0.0,0.10588235294117647,0.0,0.04837645028035091,0.0,0.05329653970813397,0.0,0.05023409411707603,0.0,0.06159615352527848,0.0,0.037584093676441103,0.0
QN68,Queens,Queensbridge-Ravenswood-Long Island City,0.05515029842556133,0.15130912991584705,0.15044940734108994,0.0,0.0,0.0,0.0,0.0,0.0,0.0,0.0,0.0,0.0,0.0,0.0,0.0,0.0,0.0,0.0,0.0,0.0,0.0,0.0
QN56,Queens,Ozone Park,0.060447962235322845,0.16147698258018703,0.14962418754381673,0.0,0.0,0.0,0.0,0.0,0.0,0.0,0.0,0.0,0.0,0.0,0.0,0.0,0.0,0.0,0.0,0.0,0.0,0.0,0.0
QN57,Queens,Lindenwood-Howard Beach,0.1833486819329298,0.1975252685491547,0.07093971515097879,0.0,0.0,0.0,0.0,0.0,0.0,0.0,0.0,0.0,0.0,0.0,0.0,0.0,0.0,0.0,0.0,0.0,0.0,0.0,0.0
MN12,Manhattan,Upper West Side,0.08956058644811069,1.0,0.6742443236680533,0.0,0.2791272128447921,0.0,0.25537089582488853,0.0,0.26666666666666666,0.0,0.24,0.0,0.28104575163398693,0.0,0.16327568030774955,0.0,0.15211559363557334,0.0,0.14911899432434753,0.0,0.09175226282780614,0.0,0.1924559659314958
MN14,Manhattan,Lincoln Square,0.031808921947190684,0.46449561105319614,0.6812153619897776,0.0,0.5977768629065459,0.0,0.5650587758411025,0.0,0.7333333333333333,0.0,0.8,0.0,0.6339869281045751,0.0,0.7605783236237817,0.0,0.732118667125419,0.0,0.8919719132542564,0.0,0.665244126034575,0.0,0.9443221496393235
QN70,Queens,Astoria,0.10496731971793366,0.595212195379897,0.35076372691121377,0.0,0.0,0.0,0.0,0.0,0.0,0.0,0.0,0.0,0.0,0.0,0.0,0.0,0.0,0.0,0.0,0.0,0.0,0.0,0.0
QN72,Queens,Steinway,0.1621482308960874,0.35907779238242005,0.14419269855458489,0.0,0.0,0.0,0.0,0.0,0.0,0.0,0.0,0.0,0.0,0.0,0.0,0.0,0.0,0.0,0.0,0.0,0.0,0.0,0.0
BX44,Bronx,Williamsbridge-Olinville,0.09545424537804298,0.4632265180014806,0.29600768937416966,0.6466232227488152,0.0,0.6463980463980464,0.0,0.5847953216374269,0.0,0.5680473372781065,0.0,0.6941176470588235,0.0,0.5097966160479698,0.0,0.5250640056026673,0.0,0.4802407264663811,0.0,0.4650115336309764,0.0,0.600639897606678,0.0
BX17,Bronx,East Tremont,0.04253387195647616,0.3280227832419284,0.39489081996292086,0.4401658767772512,0.0,0.43663003663003663,0.0,0.4766081871345029,0.0,0.5029585798816568,0.0,0.4176470588235294,0.0,0.6537707271563346,0.0,0.6681735339434044,0.0,0.7373607987693905,0.0,0.7756661983399789,0.0,0.680853959141094,0.0
BX36,Bronx,University Heights-Morris Heights,0.04875310907272678,0.40934294218072487,0.4464149392833041,0.5343601895734598,0.0,0.5238095238095238,0.0,0.5584795321637427,0.0,0.5502958579881657,0.0,0.5,0.0,0.7189878961359877,0.0,0.7261518297275094,0.0,0.7827159652329727,0.0,0.7688069022429712,0.0,0.7384021094988991,0.0
QN20,Queens,Ridgewood,0.13966719511746506,0.5236293039628941,0.24037898559313026,0.0,0.0,0.0,0.0,0.0,0.0,0.0,0.0,0.0,0.0,0.0,0.0,0.0,0.0,0.0,0.0,0.0,0.0,0.0,0.0
QN21,Queens,Middle Village,0.16202338272266706,0.28652041880070706,0.11513636084115195,0.0,0.0,0.0,0.0,0.0,0.0,0.0,0.0,0.0,0.0,0.0,0.0,0.0,0.0,0.0,0.0,0.0,0.0,0.0,0.0
BX14,Bronx,East Concourse-Concourse Village,0.03931973356231871,0.4705011406729215,0.5985469196857477,0.3521919431279621,0.0,0.3452991452991453,0.0,0.3508771929824561,0.0,0.2958579881656805,0.0,0.28823529411764703,0.0,0.5527808725536243,0.0,0.5583874584478152,0.0,0.5736383494125205,0.0,0.48215917557717297,0.0,0.49654222895032263,0.0
BK42,Brooklyn,Flatbush,0.12334669866036554,0.7992566740697095,0.4094742997492072,0.0,0.0,0.0,0.0,0.0,0.0,0.0,0.0,0.0,0.0,0.0,0.0,0.0,0.0,0.0,0.0,0.0,0.0,0.0,0.0
QN27,Queens,East Elmhurst,0.043994729921123556,0.17487800087627853,0.20551257101523696,0.0,0.0,0.0,0.0,0.0,0.0,0.0,0.0,0.0,0.0,0.0,0.0,0.0,0.0,0.0,0.0,0.0,0.0,0.0,0.0
SI01,Staten Island,Annadale-Huguenot-Prince's Bay-Eltingville,0.4216626330517626,0.20977805979845593,0.03444116382413547,0.0,0.0,0.0,0.0,0.0,0.0,0.0,0.0,0.0,0.0,0.0,0.0,0.0,0.0,0.0,0.0,0.0,0.0,0.0,0.0
SI32,Staten Island,Rossville-Woodrow,0.18465589257259288,0.15684630376648687,0.05596562435171263,0.0,0.0,0.0,0.0,0.0,0.0,0.0,0.0,0.0,0.0,0.0,0.0,0.0,0.0,0.0,0.0,0.0,0.0,0.0,0.0
BK19,Brooklyn,Brighton Beach,0.03608338527013138,0.26852649231745457,0.3623011158474652,0.0,0.0,0.0,0.0,0.0,0.0,0.0,0.0,0.0,0.0,0.0,0.0,0.0,0.0,0.0,0.0,0.0,0.0,0.0,0.0
BK23,Brooklyn,West Brighton,0.009835260238551621,0.13408572421399326,0.35567613419696786,0.0,0.0,0.0,0.0,0.0,0.0,0.0,0.0,0.0,0.0,0.0,0.0,0.0,0.0,0.0,0.0,0.0,0.0,0.0,0.0
SI25,Staten Island,Oakwood-Oakwood Beach,0.15658425977265147,0.16656090891235703,0.06902460558044901,0.0,0.0,0.0,0.0,0.0,0.0,0.0,0.0,0.0,0.0,0.0,0.0,0.0,0.0,0.0,0.0,0.0,0.0,0.0,0.0
SI54,Staten Island,Great Kills,0.2612892945917401,0.30760398253486226,0.07957055275937265,0.0,0.0,0.0,0.0,0.0,0.0,0.0,0.0,0.0,0.0,0.0,0.0,0.0,0.0,0.0,0.0,0.0,0.0,0.0,0.0
MN13,Manhattan,Hudson Yards-Chelsea-Flatiron-Union Square,0.097876101486597,0.529921890344317,0.3315086594253748,0.0,0.6504734458624949,0.0,0.6011349817592218,0.0,0.7166666666666667,0.0,0.68,0.0,0.673202614379085,0.0,0.35303243920853855,0.0,0.3322309258809562,0.0,0.37183233796735676,0.0,0.24120159375039074,0.0,0.4277262121599469
MN15,Manhattan,Clinton,0.039793329008062796,0.34661348562449956,0.4372881559771041,0.0,0.41827912721284477,0.0,0.43169841913254964,0.0,0.48333333333333334,0.0,0.56,0.0,0.4575163398692811,0.0,0.4578154828752181,0.0,0.4811580486139216,0.0,0.5057267679200315,0.0,0.4005885475158158,0.0,0.586227142706072
BK72,Brooklyn,Williamsburg,0.018699287956008406,0.24872712988563053,0.49748140621339054,0.0,0.0,0.0,0.0,0.0,0.0,0.0,0.0,0.0,0.0,0.0,0.0,0.0,0.0,0.0,0.0,0.0,0.0,0.0,0.0
SI05,Staten Island,New Springville-Bloomfield-Travis,1.0000000000000002,0.2991206998141685,0.021191560494612818,0.0,0.0,0.0,0.0,0.0,0.0,0.0,0.0,0.0,0.0,0.0,0.0,0.0,0.0,0.0,0.0,0.0,0.0,0.0,0.0
SI48,Staten Island,Arden Heights,0.1394172318802306,0.19065101451902883,0.08766044338039072,0.0,0.0,0.0,0.0,0.0,0.0,0.0,0.0,0.0,0.0,0.0,0.0,0.0,0.0,0.0,0.0,0.0,0.0,0.0,0.0
BX75,Bronx,Crotona Park East,0.03338205844411289,0.1531749988668812,0.21767407865722285,0.0,0.0,0.0,0.0,0.0,0.0,0.0,0.0,0.0,0.0,0.0,0.0,0.0,0.0,0.0,0.0,0.0,0.0,0.0,0.0
MN24,Manhattan,SoHo-TriBeCa-Civic Center-Little Italy,0.0604974255941308,0.32287842390729576,0.2989882498793022,0.0,0.40592836558254425,0.0,0.39319010944466964,0.0,0.5833333333333334,0.0,0.56,0.0,0.39215686274509803,0.0,0.32611180528713746,0.0,0.3216641931247128,0.0,0.4480008369419687,0.0,0.2940298122720742,0.0,0.3688178829893614
MN25,Manhattan,Battery Park City-Lower Manhattan,0.041776489285695745,0.2998912205955672,0.3656502442698765,0.0,0.36475916014820914,0.0,0.36035670855289825,0.0,0.35,0.0,0.36,0.0,0.41830065359477125,0.0,0.3858427525641613,0.0,0.3881680315975243,0.0,0.35392977117239616,0.0,0.24888164005690533,0.0,0.517997559793234
BX08,Bronx,West Farms-Bronx River,0.02956533764628392,0.26447748115245734,0.4064292617131161,0.0,0.0,0.0,0.0,0.0,0.0,0.0,0.0,0.0,0.0,0.0,0.0,0.0,0.0,0.0,0.0,0.0,0.0,0.0,0.0
MN03,Manhattan,Central Harlem North-Polo Grounds,0.06164893863483426,0.5686896614241037,0.5189341882797731,0.4262440758293839,0.7225195553725813,0.4236874236874237,0.7101743007701662,0.4122807017543859,0.85,0.4260355029585799,1.0,0.34705882352941175,0.7777777777777778,0.47987859387355103,0.5719901903790754,0.49145658240788354,0.5725150936576959,0.48347661783817053,0.6432840914399445,0.4980263933728601,0.5173985340323546,0.42885606095996287,0.7208244942421486
MN99,Manhattan,park-cemetery-etc-Manhattan,0.26710878686674094,0.013967577694178791,0.003539191617032381,0.0139218009478673,0.015644298065047343,0.01514041514041514,0.014187271990271585,0.008771929824561403,0.0,0.01775147928994083,0.04,0.023529411764705882,0.026143790849673203,0.004352256391608797,0.0034390705619572995,0.004876670319791909,0.0031759006886219244,0.0028564304069378754,0.0,0.005762184337277535,0.005746867912744435,0.008073569014942536,0.006728040483212998
QN45,Queens,Douglas Manor-Douglaston-Little Neck,0.19375036571379367,0.18688150599042136,0.06380976408393685,0.0,0.0,0.0,0.0,0.0,0.0,0.0,0.0,0.0,0.0,0.0,0.0,0.0,0.0,0.0,0.0,0.0,0.0,0.0,0.0
QN06,Queens,Jamaica Estates-Holliswood,0.11570894915053564,0.19247911284352384,0.1042716622200889,0.0,0.0,0.0,0.0,0.0,0.0,0.0,0.0,0.0,0.0,0.0,0.0,0.0,0.0,0.0,0.0,0.0,0.0,0.0,0.0
BK32,Brooklyn,Sunset Park West,0.1379894996394255,0.4082324857604738,0.18942873102208088,0.0,0.0,0.0,0.0,0.0,0.0,0.0,0.0,0.0,0.0,0.0,0.0,0.0,0.0,0.0,0.0,0.0,0.0,0.0,0.0
BK37,Brooklyn,Park Slope-Gowanus,0.11482422837725367,0.5110290229494326,0.278692875927756,0.0,0.0,0.0,0.0,0.0,0.0,0.0,0.0,0.0,0.0,0.0,0.0,0.0,0.0,0.0,0.0,0.0,0.0,0.0,0.0
QN34,Queens,Queens Village,0.1988651670839151,0.39662179516233814,0.13222072522252573,0.0,0.0,0.0,0.0,0.0,0.0,0.0,0.0,0.0,0.0,0.0,0.0,0.0,0.0,0.0,0.0,0.0,0.0,0.0,0.0
QN42,Queens,Oakland Gardens,0.1412640506981989,0.21330583631721284,0.09693496558096368,0.0,0.0,0.0,0.0,0.0,0.0,0.0,0.0,0.0,0.0,0.0,0.0,0.0,0.0,0.0,0.0,0.0,0.0,0.0,0.0
BX37,Bronx,Van Nest-Morris Park-Westchester Square,0.09559236056576262,0.22095816525404524,0.14102241657906867,0.0,0.0,0.0,0.0,0.0,0.0,0.0,0.0,0.0,0.0,0.0,0.0,0.0,0.0,0.0,0.0,0.0,0.0,0.0,0.0
BX46,Bronx,Parkchester,0.011220644635039231,0.2252715708048165,0.5685663088278587,0.0,0.0,0.0,0.0,0.0,0.0,0.0,0.0,0.0,0.0,0.0,0.0,0.0,0.0,0.0,0.0,0.0,0.0,0.0,0.0
QN30,Queens,Maspeth,0.09345701986752136,0.2305216878937588,0.14996175585473986,0.0,0.0,0.0,0.0,0.0,0.0,0.0,0.0,0.0,0.0,0.0,0.0,0.0,0.0,0.0,0.0,0.0,0.0,0.0,0.0
QN31,Queens,Hunters Point-Sunnyside-West Maspeth,0.3011308262787634,0.4779570623517503,0.10816970155152845,0.0,0.0,0.0,0.0,0.0,0.0,0.0,0.0,0.0,0.0,0.0,0.0,0.0,0.0,0.0,0.0,0.0,0.0,0.0,0.0
QN18,Queens,Rego Park,0.04466870987241715,0.21347958119929294,0.24814927056648795,0.0,0.0,0.0,0.0,0.0,0.0,0.0,0.0,0.0,0.0,0.0,0.0,0.0,0.0,0.0,0.0,0.0,0.0,0.0,0.0
QN29,Queens,Elmhurst,0.08428375498277899,0.667988638595537,0.4737749375462583,0.0,0.0,0.0,0.0,0.0,0.0,0.0,0.0,0.0,0.0,0.0,0.0,0.0,0.0,0.0,0.0,0.0,0.0,0.0,0.0
BK38,Brooklyn,DUMBO-Vinegar Hill-Downtown Brooklyn-Boerum Hill,0.0712065546069009,0.26057955249361675,0.2121140715771057,0.0,0.0,0.0,0.0,0.0,0.0,0.0,0.0,0.0,0.0,0.0,0.0,0.0,0.0,0.0,0.0,0.0,0.0,0.0,0.0
BK35,Brooklyn,Stuyvesant Heights,0.08031726138079015,0.4797171735484748,0.35406229216092633,0.0,0.0,0.0,0.0,0.0,0.0,0.0,0.0,0.0,0.0,0.0,0.0,0.0,0.0,0.0,0.0,0.0,0.0,0.0,0.0
BK78,Brooklyn,Bushwick South,0.1075611809881771,0.5446599888198945,0.3143069120135182,0.0,0.0,0.0,0.0,0.0,0.0,0.0,0.0,0.0,0.0,0.0,0.0,0.0,0.0,0.0,0.0,0.0,0.0,0.0,0.0
BX27,Bronx,Hunts Point,0.1371737638865364,0.20550242487422382,0.09586102552212451,0.0,0.0,0.0,0.0,0.0,0.0,0.0,0.0,0.0,0.0,0.0,0.0,0.0,0.0,0.0,0.0,0.0,0.0,0.0,0.0
BK83,Brooklyn,Cypress Hills-City Line,0.0685095821407051,0.3718367100273459,0.3121875065161801,0.0,0.0,0.0,0.0,0.0,0.0,0.0,0.0,0.0,0.0,0.0,0.0,0.0,0.0,0.0,0.0,0.0,0.0,0.0,0.0
QN53,Queens,Woodhaven,0.097813004260693,0.42812249769599175,0.26797172956619436,0.0,0.0,0.0,0.0,0.0,0.0,0.0,0.0,0.0,0.0,0.0,0.0,0.0,0.0,0.0,0.0,0.0,0.0,0.0,0.0
BK60,Brooklyn,Prospect Lefferts Gardens-Wingate,0.08103649934158158,0.5095937391409449,0.373363224322872,0.0,0.0,0.0,0.0,0.0,0.0,0.0,0.0,0.0,0.0,0.0,0.0,0.0,0.0,0.0,0.0,0.0,0.0,0.0,0.0
BX34,Bronx,Melrose South-Mott Haven North,0.036366644265981386,0.2962274698212694,0.39756768275969306,0.0,0.0,0.0,0.0,0.0,0.0,0.0,0.0,0.0,0.0,0.0,0.0,0.0,0.0,0.0,0.0,0.0,0.0,0.0,0.0
BX39,Bronx,Mott Haven-Port Morris,0.11293816444761332,0.39593436975932556,0.21905137917294948,0.0,0.0,0.0,0.0,0.0,0.0,0.0,0.0,0.0,0.0,0.0,0.0,0.0,0.0,0.0,0.0,0.0,0.0,0.0,0.0
BX63,Bronx,West Concourse,0.042879483300408326,0.2967411503422019,0.355182004996021,0.0,0.0,0.0,0.0,0.0,0.0,0.0,0.0,0.0,0.0,0.0,0.0,0.0,0.0,0.0,0.0,0.0,0.0,0.0,0.0
SI35,Staten Island,New Brighton-Silver Lake,0.1292235734377568,0.13238604601973136,0.06510421075225824,0.0,0.0,0.0,0.0,0.0,0.0,0.0,0.0,0.0,0.0,0.0,0.0,0.0,0.0,0.0,0.0,0.0,0.0,0.0,0.0
SI07,Staten Island,Westerleigh,0.17934955921252346,0.18206952816933328,0.06671842703534171,0.39573459715639814,0.4223960477562783,0.3802197802197802,0.40697203080664773,0.40350877192982454,0.5333333333333333,0.4556213017751479,0.56,0.4,0.5816993464052288,0.17891577052762536,0.13428589622443418,0.17711113695281436,0.1317522780531329,0.19002337634485109,0.16208924332407623,0.21388590676533847,0.1163549334732183,0.19849064118922896,0.21649315147978598
SI22,Staten Island,West New Brighton-New Brighton-St. George,0.1568720132767959,0.2534484582030247,0.10485823720136857,1.0,1.0,1.0,1.0,1.0,1.0,1.0,0.92,1.0,1.0,0.5104450183521406,0.3589342677668672,0.5259149678622533,0.36550888333872306,0.5316899076964691,0.3431309034016166,0.5300081104692712,0.21581864885694094,0.560253282955182,0.42019410318276096
BK79,Brooklyn,Ocean Hill,0.04512960618898651,0.24124099170557042,0.2783501650455583,0.0,0.0,0.0,0.0,0.0,0.0,0.0,0.0,0.0,0.0,0.0,0.0,0.0,0.0,0.0,0.0,0.0,0.0,0.0,0.0
BK85,Brooklyn,East New York (Pennsylvania Ave),0.042975630539123524,0.22166069890767348,0.2648920855041035,0.0,0.0,0.0,0.0,0.0,0.0,0.0,0.0,0.0,0.0,0.0,0.0,0.0,0.0,0.0,0.0,0.0,0.0,0.0,0.0
BK76,Brooklyn,Greenpoint,0.09248723316755902,0.26227167656257083,0.1721227577661308,0.0,0.0,0.0,0.0,0.0,0.0,0.0,0.0,0.0,0.0,0.0,0.0,0.0,0.0,0.0,0.0,0.0,0.0,0.0,0.0
MN20,Manhattan,Murray Hill-Kips Bay,0.027622211416187342,0.38331142636994064,0.6145033652425079,0.4333530805687204,0.46438863729930013,0.44664224664224667,0.4600729631130928,0.4853801169590643,0.35,0.42011834319526625,0.36,0.43529411764705883,0.45098039215686275,0.8571374271155577,0.6458863536696132,0.910196019423156,0.651604762385963,1.0,0.4653583160444444,0.8628072004080558,0.32723763397356725,0.9449891228150299,0.7342893250138584
MN22,Manhattan,East Village,0.01653720938543897,0.33340887458641166,0.7094185723966059,0.3809241706161138,0.40634005763688763,0.36971916971916974,0.37454398054316984,0.36549707602339176,0.5666666666666667,0.3668639053254438,0.4,0.34705882352941175,0.3137254901960784,1.0,0.7500963640459939,1.0,0.704065814494235,0.9994356193701878,1.0,0.9999999999999999,0.48258479348450456,1.0,0.6779727830416454
MN23,Manhattan,West Village,0.06004254157654181,0.5052199005877109,0.47058832982200005,0.567239336492891,0.5965417867435159,0.5575091575091575,0.5812728009728415,0.6023391812865497,0.6833333333333333,0.57396449704142,0.92,0.5647058823529412,0.738562091503268,0.6518731827635857,0.48206277723876506,0.6601085252893126,0.47832793323073663,0.7210200408173835,0.5278861224757,0.6848813658240984,0.4858886722962155,0.7122861941962318,0.6986903919763184
MN01,Manhattan,Marble Hill-Inwood,0.037916352721050026,0.35312514163984954,0.46063747167449426,0.24644549763033177,0.28983120625771924,0.23492063492063492,0.2646939602756384,0.26900584795321636,0.23333333333333334,0.2485207100591716,0.4,0.16470588235294117,0.2679738562091503,0.396631848263738,0.3280029825518464,0.3895421194700541,0.30504203812059477,0.4509598358937416,0.25243777559885244,0.41530085663037014,0.2958549629551455,0.29094523289359264,0.3550259555461746
MN35,Manhattan,Washington Heights North,0.0531519916070717,0.5071537566665156,0.5185680937501245,0.0,0.0,0.0,0.0,0.0,0.0,0.0,0.0,0.0,0.0,0.0,0.0,0.0,0.0,0.0,0.0,0.0,0.0,0.0,0.0
QN47,Queens,Ft. Totten-Bay Terrace-Clearview,0.12669229994608636,0.1643097795706235,0.08222362915681618,0.0,0.0,0.0,0.0,0.0,0.0,0.0,0.0,0.0,0.0,0.0,0.0,0.0,0.0,0.0,0.0,0.0,0.0,0.0,0.0
QN49,Queens,Whitestone,0.19736109275023564,0.23246309809787125,0.07803848899494498,0.0,0.0,0.0,0.0,0.0,0.0,0.0,0.0,0.0,0.0,0.0,0.0,0.0,0.0,0.0,0.0,0.0,0.0,0.0,0.0
QN60,Queens,Kew Gardens,0.046231149126128294,0.17584492891568085,0.1993785542518918,0.0,0.0,0.0,0.0,0.0,0.0,0.0,0.0,0.0,0.0,0.0,0.0,0.0,0.0,0.0,0.0,0.0,0.0,0.0,0.0
QN99,Queens,park-cemetery-etc-Queens,0.9412458259645095,0.0032935986342141443,0.000247640896698781,0.0,0.0,0.0,0.0,0.0,0.0,0.0,0.0,0.0,0.0,0.0,0.0,0.0,0.0,0.0,0.0,0.0,0.0,0.0,0.0
BX13,Bronx,Co-op City,0.10638138608264266,0.3305080904682047,0.19254509377786339,0.0,0.0,0.0,0.0,0.0,0.0,0.0,0.0,0.0,0.0,0.0,0.0,0.0,0.0,0.0,0.0,0.0,0.0,0.0,0.0
BX99,Bronx,park-cemetery-etc-Bronx,0.6711205514281001,0.014398162836725136,0.0015073407529782926,0.0,0.0,0.0,0.0,0.0,0.0,0.0,0.0,0.0,0.0,0.0,0.0,0.0,0.0,0.0,0.0,0.0,0.0,0.0,0.0
BK45,Brooklyn,Georgetown-Marine Park-Bergen Beach-Mill Basin,0.19861888296979607,0.3416806417984862,0.11403504519580968,0.0,0.0,0.0,0.0,0.0,0.0,0.0,0.0,0.0,0.0,0.0,0.0,0.0,0.0,0.0,0.0,0.0,0.0,0.0,0.0
BK82,Brooklyn,East New York,0.3465424739491236,0.6946622550574869,0.13759361260954395,0.0,0.0,0.0,0.0,0.0,0.0,0.0,0.0,0.0,0.0,0.0,0.0,0.0,0.0,0.0,0.0,0.0,0.0,0.0,0.0
BK93,Brooklyn,Starrett City,0.018728342840040532,0.10087778936076991,0.20160403708433905,0.0,0.0,0.0,0.0,0.0,0.0,0.0,0.0,0.0,0.0,0.0,0.0,0.0,0.0,0.0,0.0,0.0,0.0,0.0,0.0
BK73,Brooklyn,North Side-South Side,0.0723800468542925,0.3457825318406382,0.2777884028926157,0.0,0.0,0.0,0.0,0.0,0.0,0.0,0.0,0.0,0.0,0.0,0.0,0.0,0.0,0.0,0.0,0.0,0.0,0.0,0.0
MN28,Manhattan,Lower East Side,0.055112189035011964,0.5511263200833976,0.5482831362629977,0.0,0.0,0.0,0.0,0.0,0.0,0.0,0.0,0.0,0.0,0.0,0.0,0.0,0.0,0.0,0.0,0.0,0.0,0.0,0.0
BK40,Brooklyn,Windsor Terrace,0.02632340371440707,0.15854598196074876,0.26173330272311796,0.0,0.0,0.0,0.0,0.0,0.0,0.0,0.0,0.0,0.0,0.0,0.0,0.0,0.0,0.0,0.0,0.0,0.0,0.0,0.0
BK99,Brooklyn,park-cemetery-etc-Brooklyn,0.6834037846588481,0.0031576243786731934,0.0003247764926734996,0.0,0.0,0.0,0.0,0.0,0.0,0.0,0.0,0.0,0.0,0.0,0.0,0.0,0.0,0.0,0.0,0.0,0.0,0.0,0.0
